time,price_t,price_tplus,pred_tplus,spread,position,pnl,pnl_cum
2018-12-01 23:00:00,64.5,60.27,58.938705,-1.3312945556640656,1,-4.229999999999997,-4.229999999999997
2018-12-02 00:00:00,60.27,53.37,56.089222,2.7192219543457057,-1,6.900000000000006,2.670000000000009
2018-12-02 01:00:00,53.37,51.32,51.105873,-0.21412689208984403,1,-2.049999999999997,0.6200000000000117
2018-12-02 02:00:00,51.32,50.03,49.978607,-0.05139282226562614,1,-1.2899999999999991,-0.6699999999999875
2018-12-02 03:00:00,50.03,50.25,49.254547,-0.995452880859375,1,0.21999999999999886,-0.44999999999998863
2018-12-02 04:00:00,50.25,50.98,51.31798,0.33798171997070625,-1,-0.7299999999999969,-1.1799999999999855
2018-12-02 05:00:00,50.98,51.73,54.87404,3.1440386962890656,-1,-0.75,-1.9299999999999855
2018-12-02 06:00:00,51.73,51.42,57.043087,5.623087005615233,-1,0.30999999999999517,-1.6199999999999903
2018-12-02 07:00:00,51.42,52.01,56.40018,4.390180816650393,-1,-0.5899999999999963,-2.2099999999999866
2018-12-02 08:00:00,52.01,55.41,58.27173,2.8617285156250034,-1,-3.3999999999999986,-5.609999999999985
2018-12-02 09:00:00,55.41,60.8,62.76554,1.965541076660159,-1,-5.390000000000001,-10.999999999999986
2018-12-02 10:00:00,60.8,63.12,64.94605,1.8260525512695338,-1,-2.3200000000000003,-13.319999999999986
2018-12-02 11:00:00,63.12,63.85,66.54833,2.6983322143554673,-1,-0.730000000000004,-14.04999999999999
2018-12-02 12:00:00,63.85,67.94,64.909615,-3.0303854370117165,1,4.089999999999996,-9.959999999999994
2018-12-02 13:00:00,67.94,66.48,67.73935,1.259349365234371,-1,1.4599999999999937,-8.5
2018-12-02 14:00:00,66.48,62.07,64.31126,2.241256408691406,-1,4.410000000000004,-4.089999999999996
2018-12-02 15:00:00,62.07,61.77,61.73751,-0.032489318847659376,1,-0.29999999999999716,-4.3899999999999935
2018-12-02 16:00:00,61.77,66.78,64.8574,-1.9226010131835949,1,5.009999999999998,0.6200000000000045
2018-12-02 17:00:00,66.78,72.51,70.35388,-2.156118164062505,1,5.730000000000004,6.3500000000000085
2018-12-02 18:00:00,72.51,72.35,73.29485,0.9448532104492244,-1,0.1600000000000108,6.510000000000019
2018-12-02 19:00:00,72.35,72.85,72.396385,-0.45361480712890057,1,0.5,7.010000000000019
2018-12-02 20:00:00,72.85,72.61,72.56033,-0.04966674804687443,1,-0.23999999999999488,6.770000000000024
2018-12-02 21:00:00,72.61,71.22,69.59247,-1.6275317382812489,1,-1.3900000000000006,5.380000000000024
2018-12-02 22:00:00,71.22,66.96,67.45535,0.49535278320313125,-1,4.260000000000005,9.640000000000029
2018-12-02 23:00:00,66.96,53.89,61.557293,7.667292938232421,-1,13.069999999999993,22.710000000000022
2018-12-03 00:00:00,53.89,50.93,51.214012,0.28401214599609403,-1,2.960000000000001,25.670000000000023
2018-12-03 01:00:00,50.93,49.65,50.09319,0.44318923950195455,-1,1.2800000000000011,26.950000000000024
2018-12-03 02:00:00,49.65,49.38,49.53273,0.15273010253905994,-1,0.269999999999996,27.22000000000002
2018-12-03 03:00:00,49.38,49.8,49.90602,0.10602111816406534,-1,-0.4199999999999946,26.800000000000026
2018-12-03 04:00:00,49.8,50.85,50.925915,0.07591476440429545,-1,-1.0500000000000043,25.75000000000002
2018-12-03 05:00:00,50.85,57.92,52.59236,-5.327638549804689,1,7.07,32.82000000000002
2018-12-03 06:00:00,57.92,67.76,59.139862,-8.62013793945313,1,9.840000000000003,42.660000000000025
2018-12-03 07:00:00,67.76,70.38,67.41848,-2.9615200805664017,1,2.6199999999999903,45.280000000000015
2018-12-03 08:00:00,70.38,71.8,70.0081,-1.7918975830078097,1,1.4200000000000017,46.70000000000002
2018-12-03 09:00:00,71.8,73.27,71.17512,-2.0948825073242148,1,1.4699999999999989,48.170000000000016
2018-12-03 10:00:00,73.27,73.52,72.18943,-1.3305697631835898,1,0.25,48.420000000000016
2018-12-03 11:00:00,73.52,73.53,71.91249,-1.6175091552734386,1,0.010000000000005116,48.43000000000002
2018-12-03 12:00:00,73.53,71.98,71.85292,-0.12707946777344148,1,-1.5499999999999972,46.880000000000024
2018-12-03 13:00:00,71.98,70.08,70.16352,0.08352081298828296,-1,1.9000000000000057,48.78000000000003
2018-12-03 14:00:00,70.08,71.07,68.91785,-2.152153320312493,1,0.9899999999999949,49.770000000000024
2018-12-03 15:00:00,71.07,72.23,70.98239,-1.247608642578129,1,1.1600000000000108,50.930000000000035
2018-12-03 16:00:00,72.23,74.16,72.23392,-1.9260827636718716,1,1.9299999999999926,52.86000000000003
2018-12-03 17:00:00,74.16,78.79,73.545975,-5.244025268554694,1,4.63000000000001,57.49000000000004
2018-12-03 18:00:00,78.79,77.98,76.63447,-1.3455319213867227,1,-0.8100000000000023,56.680000000000035
2018-12-03 19:00:00,77.98,77.81,76.370384,-1.4396157836914085,1,-0.1700000000000017,56.51000000000003
2018-12-03 20:00:00,77.81,75.76,75.78248,0.022478332519526134,-1,2.049999999999997,58.56000000000003
2018-12-03 21:00:00,75.76,73.27,71.47201,-1.7979922485351523,1,-2.490000000000009,56.07000000000002
2018-12-03 22:00:00,73.27,72.14,69.291145,-2.8488546752929693,1,-1.1299999999999955,54.940000000000026
2018-12-03 23:00:00,72.14,67.01,67.34925,0.33925079345702613,-1,5.1299999999999955,60.07000000000002
2018-12-04 00:00:00,67.01,62.68,62.73586,0.05585891723632841,-1,4.330000000000005,64.40000000000003
2018-12-04 01:00:00,62.68,61.66,59.44568,-2.2143212890624966,1,-1.0200000000000031,63.38000000000003
2018-12-04 02:00:00,61.66,61.53,60.427326,-1.102673797607423,1,-0.12999999999999545,63.250000000000036
2018-12-04 03:00:00,61.53,61.4,61.743,0.34300003051757955,-1,0.13000000000000256,63.38000000000004
2018-12-04 04:00:00,61.4,63.42,62.31756,-1.102441711425783,1,2.020000000000003,65.40000000000003
2018-12-04 05:00:00,63.42,67.56,65.1882,-2.3717980957031273,1,4.140000000000001,69.54000000000003
2018-12-04 06:00:00,67.56,72.85,69.83393,-3.016069030761713,1,5.289999999999992,74.83000000000003
2018-12-04 07:00:00,72.85,75.58,72.99513,-2.584867553710936,1,2.730000000000004,77.56000000000003
2018-12-04 08:00:00,75.58,75.4,75.202965,-0.19703521728516193,1,-0.1799999999999926,77.38000000000004
2018-12-04 09:00:00,75.4,76.18,74.51835,-1.6616513061523506,1,0.7800000000000011,78.16000000000004
2018-12-04 10:00:00,76.18,75.77,76.00415,0.23415039062500398,-1,0.4100000000000108,78.57000000000005
2018-12-04 11:00:00,75.77,74.27,74.84766,0.577656250000004,-1,1.5,80.07000000000005
2018-12-04 12:00:00,74.27,72.75,73.54963,0.7996292114257812,-1,1.519999999999996,81.59000000000005
2018-12-04 13:00:00,72.75,73.15,72.19675,-0.9532531738281307,1,0.4000000000000057,81.99000000000005
2018-12-04 14:00:00,73.15,73.84,73.42084,-0.4191625976562534,1,0.6899999999999977,82.68000000000005
2018-12-04 15:00:00,73.84,74.21,74.2426,0.03259948730469375,-1,-0.36999999999999034,82.31000000000006
2018-12-04 16:00:00,74.21,76.29,74.70533,-1.584670104980475,1,2.0800000000000125,84.39000000000007
2018-12-04 17:00:00,76.29,84.06,78.20695,-5.853052673339846,1,7.769999999999996,92.16000000000007
2018-12-04 18:00:00,84.06,84.05,83.3717,-0.6783035278320284,1,-0.010000000000005116,92.15000000000006
2018-12-04 19:00:00,84.05,77.27,80.525375,3.2553753662109415,-1,6.780000000000001,98.93000000000006
2018-12-04 20:00:00,77.27,75.17,76.4598,1.289800720214842,-1,2.0999999999999943,101.03000000000006
2018-12-04 21:00:00,75.17,73.14,72.47938,-0.6606222534179693,1,-2.030000000000001,99.00000000000006
2018-12-04 22:00:00,73.14,72.08,70.5271,-1.5529003906249983,1,-1.0600000000000023,97.94000000000005
2018-12-04 23:00:00,72.08,67.07,69.20145,2.131446533203132,-1,5.010000000000005,102.95000000000006
2018-12-05 00:00:00,67.07,61.32,65.50001,4.180007629394531,-1,5.749999999999993,108.70000000000005
2018-12-05 01:00:00,61.32,58.65,61.93312,3.283120727539064,-1,2.6700000000000017,111.37000000000005
2018-12-05 02:00:00,58.65,56.37,60.380154,4.010153656005862,-1,2.280000000000001,113.65000000000005
2018-12-05 03:00:00,56.37,55.21,58.548836,3.3388357543945304,-1,1.1599999999999966,114.81000000000004
2018-12-05 04:00:00,55.21,58.42,57.851967,-0.5680331420898455,1,3.210000000000001,118.02000000000004
2018-12-05 05:00:00,58.42,61.78,64.3941,2.6140963745117176,-1,-3.3599999999999994,114.66000000000004
2018-12-05 06:00:00,61.78,69.68,69.00461,-0.6753918457031318,1,7.900000000000006,122.56000000000004
2018-12-05 07:00:00,69.68,72.89,74.18323,1.2932275390624994,-1,-3.2099999999999937,119.35000000000005
2018-12-05 08:00:00,72.89,72.52,74.00442,1.4844174194335977,-1,0.37000000000000455,119.72000000000006
2018-12-05 09:00:00,72.52,73.99,72.39733,-1.5926687622070261,1,1.4699999999999989,121.19000000000005
2018-12-05 10:00:00,73.99,73.17,74.71442,1.5444165039062483,-1,0.8199999999999932,122.01000000000005
2018-12-05 11:00:00,73.17,73.07,72.89223,-0.17777282714843068,1,-0.10000000000000853,121.91000000000004
2018-12-05 12:00:00,73.07,71.3,73.158264,1.8582641601562528,-1,1.769999999999996,123.68000000000004
2018-12-05 13:00:00,71.3,70.88,70.82111,-0.0588864135742142,1,-0.4200000000000017,123.26000000000003
2018-12-05 14:00:00,70.88,70.51,71.19951,0.6895086669921824,-1,0.36999999999999034,123.63000000000002
2018-12-05 15:00:00,70.51,70.73,71.474014,0.7440142822265585,-1,-0.21999999999999886,123.41000000000003
2018-12-05 16:00:00,70.73,73.21,73.57518,0.36518005371094375,-1,-2.4799999999999898,120.93000000000004
2018-12-05 17:00:00,73.21,76.3,76.98255,0.6825515747070341,-1,-3.0900000000000034,117.84000000000003
2018-12-05 18:00:00,76.3,73.61,79.527115,5.917114868164063,-1,2.6899999999999977,120.53000000000003
2018-12-05 19:00:00,73.61,72.8,72.81187,0.011866760253909092,-1,0.8100000000000023,121.34000000000003
2018-12-05 20:00:00,72.8,71.19,71.72739,0.5373864746093773,-1,1.6099999999999994,122.95000000000003
2018-12-05 21:00:00,71.19,69.46,68.76327,-0.69673248291015,1,-1.730000000000004,121.22000000000003
2018-12-05 22:00:00,69.46,67.19,66.85759,-0.3324102783203102,1,-2.269999999999996,118.95000000000003
2018-12-05 23:00:00,67.19,61.05,65.92576,4.875758361816409,-1,6.140000000000001,125.09000000000003
2018-12-06 00:00:00,61.05,57.22,59.91338,2.6933796691894543,-1,3.8299999999999983,128.92000000000002
2018-12-06 01:00:00,57.22,53.47,57.235905,3.7659046936035168,-1,3.75,132.67000000000002
2018-12-06 02:00:00,53.47,53.2,53.922035,0.7220352172851534,-1,0.269999999999996,132.94
2018-12-06 03:00:00,53.2,53.15,54.879208,1.7292076110839858,-1,0.05000000000000426,132.99
2018-12-06 04:00:00,53.15,53.4,55.98583,2.5858283996582045,-1,-0.25,132.74
2018-12-06 05:00:00,53.4,58.53,59.534992,1.004992218017577,-1,-5.130000000000003,127.61000000000001
2018-12-06 06:00:00,58.53,67.74,65.35926,-2.3807394409179636,1,9.209999999999994,136.82
2018-12-06 07:00:00,67.74,67.75,70.699585,2.9495849609375,-1,-0.010000000000005116,136.81
2018-12-06 08:00:00,67.75,69.0,68.933205,-0.06679534912109375,1,1.25,138.06
2018-12-06 09:00:00,69.0,70.23,70.50786,0.2778582763671835,-1,-1.230000000000004,136.82999999999998
2018-12-06 10:00:00,70.23,70.34,71.521866,1.181865844726559,-1,-0.10999999999999943,136.71999999999997
2018-12-06 11:00:00,70.34,69.63,70.76009,1.1300936889648483,-1,0.710000000000008,137.42999999999998
2018-12-06 12:00:00,69.63,68.93,69.522224,0.5922244262695244,-1,0.6999999999999886,138.12999999999997
2018-12-06 13:00:00,68.93,68.19,68.50119,0.3111901855468773,-1,0.7400000000000091,138.86999999999998
2018-12-06 14:00:00,68.19,64.99,68.36229,3.3722894287109426,-1,3.200000000000003,142.07
2018-12-06 15:00:00,64.99,66.45,64.79344,-1.6565582275390653,1,1.460000000000008,143.53
2018-12-06 16:00:00,66.45,71.53,69.938034,-1.5919659423828136,1,5.079999999999998,148.61
2018-12-06 17:00:00,71.53,73.61,74.04965,0.43965209960937557,-1,-2.0799999999999983,146.53000000000003
2018-12-06 18:00:00,73.61,71.89,74.5207,2.6306985473632807,-1,1.7199999999999989,148.25000000000003
2018-12-06 19:00:00,71.89,70.54,70.6597,0.11969848632811875,-1,1.3499999999999943,149.60000000000002
2018-12-06 20:00:00,70.54,69.98,68.82085,-1.1591534423828165,1,-0.5600000000000023,149.04000000000002
2018-12-06 21:00:00,69.98,68.75,67.63269,-1.1173095703125,1,-1.230000000000004,147.81
2018-12-06 22:00:00,68.75,67.7,65.32733,-2.372668457031253,1,-1.0499999999999972,146.76
2018-12-06 23:00:00,67.7,68.13,67.12132,-1.008677368164058,1,0.4299999999999926,147.19
2018-12-07 00:00:00,68.13,66.46,67.5926,1.1325979614257875,-1,1.6700000000000017,148.86
2018-12-07 01:00:00,66.46,60.18,64.80002,4.620018310546875,-1,6.279999999999994,155.14000000000001
2018-12-07 02:00:00,60.18,57.95,59.52781,1.5778091430664034,-1,2.229999999999997,157.37
2018-12-07 03:00:00,57.95,55.85,57.782574,1.9325736999511705,-1,2.1000000000000014,159.47
2018-12-07 04:00:00,55.85,57.51,56.451725,-1.0582749938964824,1,1.6599999999999966,161.13
2018-12-07 05:00:00,57.51,64.15,62.58869,-1.5613082885742244,1,6.640000000000008,167.77
2018-12-07 06:00:00,64.15,67.74,70.13478,2.3947808837890676,-1,-3.589999999999989,164.18
2018-12-07 07:00:00,67.74,70.9,71.7889,0.8889022827148381,-1,-3.160000000000011,161.01999999999998
2018-12-07 08:00:00,70.9,68.94,73.05994,4.119936523437502,-1,1.960000000000008,162.98
2018-12-07 09:00:00,68.94,70.23,69.09585,-1.1341519165039102,1,1.2900000000000063,164.26999999999998
2018-12-07 10:00:00,70.23,70.02,72.53044,2.5104412841796915,-1,0.21000000000000796,164.48
2018-12-07 11:00:00,70.02,69.17,71.24766,2.0776577758789045,-1,0.8499999999999943,165.32999999999998
2018-12-07 12:00:00,69.17,68.58,70.12235,1.542352600097658,-1,0.5900000000000034,165.92
2018-12-07 13:00:00,68.58,67.72,69.56704,1.8470394897460949,-1,0.8599999999999994,166.77999999999997
2018-12-07 14:00:00,67.72,65.88,68.52016,2.640156860351567,-1,1.8400000000000034,168.61999999999998
2018-12-07 15:00:00,65.88,65.43,67.869736,2.4397357177734307,-1,0.44999999999998863,169.06999999999996
2018-12-07 16:00:00,65.43,68.53,68.59516,0.06516143798828011,-1,-3.0999999999999943,165.96999999999997
2018-12-07 17:00:00,68.53,71.94,73.185135,1.2451348876953148,-1,-3.4099999999999966,162.55999999999997
2018-12-07 18:00:00,71.94,71.83,72.64922,0.8192233276367205,-1,0.10999999999999943,162.66999999999996
2018-12-07 19:00:00,71.83,72.12,71.53567,-0.5843325805664108,1,0.29000000000000625,162.95999999999998
2018-12-07 20:00:00,72.12,70.35,72.325905,1.975904846191412,-1,1.7700000000000102,164.73
2018-12-07 21:00:00,70.35,69.0,69.662575,0.6625747680664062,-1,1.3499999999999943,166.07999999999998
2018-12-07 22:00:00,69.0,67.09,68.403564,1.3135644531249966,-1,1.9099999999999966,167.98999999999998
2018-12-07 23:00:00,67.09,58.41,68.78078,10.370776977539066,-1,8.680000000000007,176.67
2018-12-08 00:00:00,58.41,54.95,61.01845,6.068451690673825,-1,3.4599999999999937,180.13
2018-12-08 01:00:00,54.95,52.97,55.390697,2.420697479248048,-1,1.980000000000004,182.11
2018-12-08 02:00:00,52.97,52.91,54.430187,1.5201872253418003,-1,0.060000000000002274,182.17000000000002
2018-12-08 03:00:00,52.91,52.56,55.5706,3.0105986022949196,-1,0.3499999999999943,182.52
2018-12-08 04:00:00,52.56,53.05,55.075226,2.025225830078128,-1,-0.4899999999999949,182.03000000000003
2018-12-08 05:00:00,53.05,53.01,57.816963,4.806963195800783,-1,0.03999999999999915,182.07000000000002
2018-12-08 06:00:00,53.01,54.94,57.998158,3.0581575012207054,-1,-1.9299999999999997,180.14000000000001
2018-12-08 07:00:00,54.94,63.69,62.04665,-1.6433500671386696,1,8.75,188.89000000000001
2018-12-08 08:00:00,63.69,67.81,67.3318,-0.4781976318359398,1,4.1200000000000045,193.01000000000002
2018-12-08 09:00:00,67.81,67.82,68.073715,0.2537152099609443,-1,-0.009999999999990905,193.00000000000003
2018-12-08 10:00:00,67.82,67.93,68.216194,0.28619415283202443,-1,-0.11000000000001364,192.89000000000001
2018-12-08 11:00:00,67.93,67.99,68.41404,0.42403961181641137,-1,-0.05999999999998806,192.83000000000004
2018-12-08 12:00:00,67.99,68.75,67.98051,-0.7694931030273438,1,0.7600000000000051,193.59000000000003
2018-12-08 13:00:00,68.75,68.56,67.98907,-0.5709329223632835,1,-0.18999999999999773,193.40000000000003
2018-12-08 14:00:00,68.56,67.93,66.399994,-1.5300061035156318,1,-0.6299999999999955,192.77000000000004
2018-12-08 15:00:00,67.93,67.85,65.31602,-2.533982849121088,1,-0.0800000000000125,192.69000000000003
2018-12-08 16:00:00,67.85,68.11,66.021385,-2.0886148071289057,1,0.2600000000000051,192.95000000000005
2018-12-08 17:00:00,68.11,71.59,67.75316,-3.836841430664066,1,3.480000000000004,196.43000000000006
2018-12-08 18:00:00,71.59,72.32,71.08165,-1.2383502197265557,1,0.7299999999999898,197.16000000000005
2018-12-08 19:00:00,72.32,72.96,71.65112,-1.3088769531249937,1,0.6400000000000006,197.80000000000007
2018-12-08 20:00:00,72.96,73.11,72.46295,-0.6470483398437494,1,0.15000000000000568,197.95000000000007
2018-12-08 21:00:00,73.11,71.36,72.83555,1.4755484008789068,-1,1.75,199.70000000000007
2018-12-08 22:00:00,71.36,68.97,69.70871,0.7387097167968761,-1,2.3900000000000006,202.0900000000001
2018-12-08 23:00:00,68.97,68.03,67.76279,-0.26721313476562614,1,-0.9399999999999977,201.1500000000001
2018-12-09 00:00:00,68.03,63.22,67.1775,3.9574978637695324,-1,4.810000000000002,205.9600000000001
2018-12-09 01:00:00,63.22,58.46,62.780045,4.320044555664062,-1,4.759999999999998,210.72000000000008
2018-12-09 02:00:00,58.46,56.27,57.903713,1.6337132263183562,-1,2.1899999999999977,212.91000000000008
2018-12-09 03:00:00,56.27,55.45,56.37742,0.9274185180664034,-1,0.8200000000000003,213.73000000000008
2018-12-09 04:00:00,55.45,55.33,55.95757,0.6275691223144548,-1,0.12000000000000455,213.85000000000008
2018-12-09 05:00:00,55.33,55.64,57.62418,1.98417984008789,-1,-0.3100000000000023,213.54000000000008
2018-12-09 06:00:00,55.64,55.02,59.269634,4.249634246826169,-1,0.6199999999999974,214.16000000000008
2018-12-09 07:00:00,55.02,56.61,57.296318,0.6863180541992193,-1,-1.5899999999999963,212.57000000000008
2018-12-09 08:00:00,56.61,61.65,61.308735,-0.34126510620117045,1,5.039999999999999,217.61000000000007
2018-12-09 09:00:00,61.65,67.08,65.56105,-1.5189495849609358,1,5.43,223.04000000000008
2018-12-09 10:00:00,67.08,67.34,69.039955,1.6999551391601528,-1,-0.2600000000000051,222.7800000000001
2018-12-09 11:00:00,67.34,67.33,68.53467,1.2046679687500017,-1,0.010000000000005116,222.79000000000008
2018-12-09 12:00:00,67.33,69.27,69.23138,-0.03862335205077727,1,1.9399999999999977,224.73000000000008
2018-12-09 13:00:00,69.27,69.21,71.763306,2.5533056640625063,-1,0.060000000000002274,224.79000000000008
2018-12-09 14:00:00,69.21,65.23,69.79827,4.568271179199215,-1,3.9799999999999898,228.77000000000007
2018-12-09 15:00:00,65.23,64.22,65.77797,1.5579693603515636,-1,1.0100000000000051,229.7800000000001
2018-12-09 16:00:00,64.22,69.24,65.98008,-3.2599203491210886,1,5.019999999999996,234.80000000000007
2018-12-09 17:00:00,69.24,71.22,73.58178,2.36177947998047,-1,-1.980000000000004,232.82000000000005
2018-12-09 18:00:00,71.22,70.08,74.80875,4.728746337890627,-1,1.1400000000000006,233.96000000000004
2018-12-09 19:00:00,70.08,71.55,71.76447,0.2144729614257841,-1,-1.4699999999999989,232.49000000000004
2018-12-09 20:00:00,71.55,71.83,74.93171,3.101709289550783,-1,-0.28000000000000114,232.21000000000004
2018-12-09 21:00:00,71.83,69.86,73.742355,3.882355346679688,-1,1.9699999999999989,234.18000000000004
2018-12-09 22:00:00,69.86,67.87,69.82808,1.958079223632808,-1,1.9899999999999949,236.17000000000002
2018-12-09 23:00:00,67.87,66.08,64.180824,-1.899175720214842,1,-1.7900000000000063,234.38
2018-12-10 00:00:00,66.08,59.51,61.895172,2.385172119140627,-1,6.57,240.95
2018-12-10 01:00:00,59.51,55.86,57.658985,1.7989851379394537,-1,3.6499999999999986,244.6
2018-12-10 02:00:00,55.86,55.12,55.0559,-0.06409942626952869,1,-0.740000000000002,243.85999999999999
2018-12-10 03:00:00,55.12,53.81,55.01698,1.2069792175292946,-1,1.3099999999999952,245.17
2018-12-10 04:00:00,53.81,54.25,54.185284,-0.06471633911132812,1,0.4399999999999977,245.60999999999999
2018-12-10 05:00:00,54.25,58.69,57.25092,-1.439080657958982,1,4.439999999999998,250.04999999999998
2018-12-10 06:00:00,58.69,67.06,66.061295,-0.9987054443359398,1,8.370000000000005,258.41999999999996
2018-12-10 07:00:00,67.06,71.03,71.25756,0.2275607299804676,-1,-3.969999999999999,254.44999999999996
2018-12-10 08:00:00,71.03,70.72,73.30344,2.583436279296876,-1,0.3100000000000023,254.75999999999996
2018-12-10 09:00:00,70.72,71.1,72.22082,1.1208175659179744,-1,-0.37999999999999545,254.37999999999997
2018-12-10 10:00:00,71.1,70.65,72.05606,1.4060607910156193,-1,0.44999999999998863,254.82999999999996
2018-12-10 11:00:00,70.65,70.86,70.0366,-0.8234017944335932,1,0.20999999999999375,255.03999999999996
2018-12-10 12:00:00,70.86,69.99,69.65191,-0.33809112548827613,1,-0.8700000000000045,254.16999999999996
2018-12-10 13:00:00,69.99,69.28,68.15377,-1.1262295532226574,1,-0.7099999999999937,253.45999999999998
2018-12-10 14:00:00,69.28,69.27,67.664474,-1.6055255126953085,1,-0.010000000000005116,253.45
2018-12-10 15:00:00,69.27,69.76,67.94038,-1.8196237182617239,1,0.4900000000000091,253.94
2018-12-10 16:00:00,69.76,73.48,72.75212,-0.7278790283203165,1,3.719999999999999,257.65999999999997
2018-12-10 17:00:00,73.48,77.65,76.12248,-1.5275177001953182,1,4.170000000000002,261.83
2018-12-10 18:00:00,77.65,76.23,77.70432,1.4743228149414023,-1,1.4200000000000017,263.25
2018-12-10 19:00:00,76.23,75.54,76.12525,0.585251770019525,-1,0.6899999999999977,263.94
2018-12-10 20:00:00,75.54,74.16,75.13133,0.9713323974609409,-1,1.3800000000000097,265.32
2018-12-10 21:00:00,74.16,71.91,73.01994,1.109943237304691,-1,2.25,267.57
2018-12-10 22:00:00,71.91,69.53,68.90289,-0.6271069335937511,1,-2.3799999999999955,265.19
2018-12-10 23:00:00,69.53,68.77,65.709175,-3.0608248901367148,1,-0.7600000000000051,264.43
2018-12-11 00:00:00,68.77,64.42,64.35974,-0.060258789062501705,1,-4.349999999999994,260.08000000000004
2018-12-11 01:00:00,64.42,62.07,60.694893,-1.375107116699219,1,-2.3500000000000014,257.73
2018-12-11 02:00:00,62.07,59.53,59.734463,0.20446273803710824,-1,2.539999999999999,260.27000000000004
2018-12-11 03:00:00,59.53,59.68,58.275295,-1.4047047424316403,1,0.14999999999999858,260.42
2018-12-11 04:00:00,59.68,59.74,61.03099,1.2909906005859355,-1,-0.060000000000002274,260.36
2018-12-11 05:00:00,59.74,63.86,63.895527,0.03552688598632869,-1,-4.119999999999997,256.24
2018-12-11 06:00:00,63.86,70.55,71.47247,0.9224731445312528,-1,-6.689999999999998,249.55
2018-12-11 07:00:00,70.55,75.29,74.65821,-0.631789245605475,1,4.740000000000009,254.29000000000002
2018-12-11 08:00:00,75.29,75.5,76.72495,1.2249526977539062,-1,-0.20999999999999375,254.08000000000004
2018-12-11 09:00:00,75.5,75.12,75.22899,0.10898864746093295,-1,0.37999999999999545,254.46000000000004
2018-12-11 10:00:00,75.12,73.3,74.95777,1.657771301269534,-1,1.8200000000000074,256.28000000000003
2018-12-11 11:00:00,73.3,71.07,73.21756,2.147559814453132,-1,2.230000000000004,258.51000000000005
2018-12-11 12:00:00,71.07,70.17,70.82241,0.652410583496092,-1,0.8999999999999915,259.41
2018-12-11 13:00:00,70.17,70.99,70.98417,-0.005830993652338634,1,0.8199999999999932,260.23
2018-12-11 14:00:00,70.99,72.74,73.56726,0.8272607421875051,-1,-1.75,258.48
2018-12-11 15:00:00,72.74,72.99,74.7125,1.7225015258789114,-1,-0.25,258.23
2018-12-11 16:00:00,72.99,74.78,76.38525,1.6052462768554676,-1,-1.7900000000000063,256.44
2018-12-11 17:00:00,74.78,78.11,80.44421,2.3342062377929693,-1,-3.3299999999999983,253.11
2018-12-11 18:00:00,78.11,78.38,82.02617,3.646168823242192,-1,-0.269999999999996,252.84000000000003
2018-12-11 19:00:00,78.38,75.88,77.134476,1.254475708007817,-1,2.5,255.34000000000003
2018-12-11 20:00:00,75.88,73.48,74.63475,1.1547503662109335,-1,2.3999999999999915,257.74
2018-12-11 21:00:00,73.48,69.62,72.13995,2.5199536132812455,-1,3.8599999999999994,261.6
2018-12-11 22:00:00,69.62,68.36,67.17994,-1.1800607299804682,1,-1.2600000000000051,260.34000000000003
2018-12-11 23:00:00,68.36,66.1,68.37739,2.277388000488287,-1,2.260000000000005,262.6
2018-12-12 00:00:00,66.1,59.84,65.008255,5.168255004882809,-1,6.259999999999991,268.86
2018-12-12 01:00:00,59.84,57.45,60.936977,3.4869773864746065,-1,2.3900000000000006,271.25
2018-12-12 02:00:00,57.45,54.62,57.838215,3.2182148742675807,-1,2.8300000000000054,274.08
2018-12-12 03:00:00,54.62,55.02,55.571453,0.5514530944824187,-1,-0.4000000000000057,273.67999999999995
2018-12-12 04:00:00,55.02,56.93,59.586617,2.6566165161132815,-1,-1.9099999999999966,271.77
2018-12-12 05:00:00,56.93,69.83,64.25378,-5.5762234497070295,1,12.899999999999999,284.66999999999996
2018-12-12 06:00:00,69.83,71.56,74.09846,2.538457336425779,-1,-1.730000000000004,282.93999999999994
2018-12-12 07:00:00,71.56,76.08,74.61062,-1.4693814086914045,1,4.519999999999996,287.4599999999999
2018-12-12 08:00:00,76.08,76.39,77.05568,0.6656793212890619,-1,-0.3100000000000023,287.1499999999999
2018-12-12 09:00:00,76.39,77.29,76.47898,-0.8110189819336,1,0.9000000000000057,288.04999999999995
2018-12-12 10:00:00,77.29,77.26,76.67591,-0.5840890502929739,1,-0.030000000000001137,288.02
2018-12-12 11:00:00,77.26,75.9,76.12902,0.22902069091796307,-1,1.3599999999999994,289.38
2018-12-12 12:00:00,75.9,74.82,74.99435,0.17434661865235057,-1,1.0800000000000125,290.46000000000004
2018-12-12 13:00:00,74.82,73.95,74.46354,0.5135391235351534,-1,0.8699999999999903,291.33000000000004
2018-12-12 14:00:00,73.95,73.85,74.17672,0.32671966552734943,-1,0.10000000000000853,291.43000000000006
2018-12-12 15:00:00,73.85,73.7,74.49235,0.7923477172851534,-1,0.14999999999999147,291.58000000000004
2018-12-12 16:00:00,73.7,74.65,75.085976,0.43597564697265057,-1,-0.9500000000000028,290.63000000000005
2018-12-12 17:00:00,74.65,77.02,77.208916,0.18891571044922273,-1,-2.3699999999999903,288.26000000000005
2018-12-12 18:00:00,77.02,75.75,77.21145,1.4614486694335938,-1,1.269999999999996,289.53000000000003
2018-12-12 19:00:00,75.75,75.51,74.797195,-0.7128045654296926,1,-0.23999999999999488,289.29
2018-12-12 20:00:00,75.51,72.29,73.62311,1.3331079101562437,-1,3.219999999999999,292.51
2018-12-12 21:00:00,72.29,68.3,69.78468,1.4846832275390653,-1,3.990000000000009,296.5
2018-12-12 22:00:00,68.3,62.48,65.16804,2.6880374145507844,-1,5.82,302.32
2018-12-12 23:00:00,62.48,58.17,61.298588,3.128587799072264,-1,4.309999999999995,306.63
2018-12-13 00:00:00,58.17,55.19,57.287872,2.0978723144531273,-1,2.980000000000004,309.61
2018-12-13 01:00:00,55.19,52.11,54.475433,2.3654333496093756,-1,3.0799999999999983,312.69
2018-12-13 02:00:00,52.11,51.24,51.938835,0.6988351440429668,-1,0.8699999999999974,313.56
2018-12-13 03:00:00,51.24,50.73,52.497234,1.767234344482425,-1,0.5100000000000051,314.07
2018-12-13 04:00:00,50.73,51.02,52.79325,1.7732510375976531,-1,-0.29000000000000625,313.78
2018-12-13 05:00:00,51.02,55.6,56.217754,0.6177543640136705,-1,-4.579999999999998,309.2
2018-12-13 06:00:00,55.6,65.51,64.40165,-1.1083505249023489,1,9.910000000000004,319.11
2018-12-13 07:00:00,65.51,72.21,70.743904,-1.4660958862304625,1,6.699999999999989,325.81
2018-12-13 08:00:00,72.21,73.02,74.44812,1.428120117187504,-1,-0.8100000000000023,325.0
2018-12-13 09:00:00,73.02,74.32,74.766495,0.4464947509765693,-1,-1.2999999999999972,323.7
2018-12-13 10:00:00,74.32,73.57,74.75782,1.187820129394538,-1,0.75,324.45
2018-12-13 11:00:00,73.57,73.64,73.33318,-0.3068167114257818,1,0.07000000000000739,324.52
2018-12-13 12:00:00,73.64,71.53,73.34635,1.8163516235351551,-1,2.1099999999999994,326.63
2018-12-13 13:00:00,71.53,69.59,69.69487,0.10486999511718409,-1,1.9399999999999977,328.57
2018-12-13 14:00:00,69.59,66.78,67.94468,1.1646792602539051,-1,2.8100000000000023,331.38
2018-12-13 15:00:00,66.78,65.61,66.3162,0.7062002563476568,-1,1.1700000000000017,332.55
2018-12-13 16:00:00,65.61,68.23,67.20457,-1.0254330444335977,1,2.6200000000000045,335.17
2018-12-13 17:00:00,68.23,73.77,72.856026,-0.9139743041992148,1,5.539999999999992,340.71000000000004
2018-12-13 18:00:00,73.77,74.46,73.82632,-0.6336831665039,1,0.6899999999999977,341.40000000000003
2018-12-13 19:00:00,74.46,75.01,73.87033,-1.1396691894531301,1,0.5500000000000114,341.95000000000005
2018-12-13 20:00:00,75.01,73.3,73.46555,0.1655532836914091,-1,1.710000000000008,343.6600000000001
2018-12-13 21:00:00,73.3,70.83,70.57113,-0.25887115478515454,1,-2.469999999999999,341.19000000000005
2018-12-13 22:00:00,70.83,64.79,66.4603,1.6702966308593687,-1,6.039999999999992,347.23
2018-12-13 23:00:00,64.79,56.12,59.878292,3.758292083740237,-1,8.670000000000009,355.90000000000003
2018-12-14 00:00:00,56.12,55.0,55.19933,0.19932937622070312,-1,1.1199999999999974,357.02000000000004
2018-12-14 01:00:00,55.0,53.26,54.83158,1.5715811157226582,-1,1.740000000000002,358.76000000000005
2018-12-14 02:00:00,53.26,52.8,53.577057,0.7770568847656278,-1,0.46000000000000085,359.22
2018-12-14 03:00:00,52.8,52.98,53.851177,0.871177215576175,-1,-0.17999999999999972,359.04
2018-12-14 04:00:00,52.98,54.55,55.499187,0.9491874694824247,-1,-1.5700000000000003,357.47
2018-12-14 05:00:00,54.55,57.02,60.26125,3.241249542236325,-1,-2.470000000000006,355.0
2018-12-14 06:00:00,57.02,67.84,64.88756,-2.952442016601566,1,10.82,365.82
2018-12-14 07:00:00,67.84,72.68,72.4411,-0.23889892578125682,1,4.840000000000003,370.65999999999997
2018-12-14 08:00:00,72.68,73.18,74.32075,1.1407473754882744,-1,-0.5,370.15999999999997
2018-12-14 09:00:00,73.18,74.71,74.146706,-0.5632943725585875,1,1.529999999999987,371.68999999999994
2018-12-14 10:00:00,74.71,74.16,74.542465,0.3824652099609409,-1,0.5499999999999972,372.23999999999995
2018-12-14 11:00:00,74.16,72.28,72.882324,0.6023242187499989,-1,1.8799999999999955,374.11999999999995
2018-12-14 12:00:00,72.28,69.85,70.79418,0.9441818237304744,-1,2.430000000000007,376.54999999999995
2018-12-14 13:00:00,69.85,67.86,68.842125,0.9821249389648443,-1,1.9899999999999949,378.53999999999996
2018-12-14 14:00:00,67.86,67.5,66.908325,-0.5916748046875,1,-0.35999999999999943,378.17999999999995
2018-12-14 15:00:00,67.5,69.22,68.50019,-0.7198092651367176,1,1.7199999999999989,379.9
2018-12-14 16:00:00,69.22,72.51,73.07102,0.5610220336914011,-1,-3.2900000000000063,376.60999999999996
2018-12-14 17:00:00,72.51,76.14,74.74698,-1.3930212402343756,1,3.6299999999999955,380.23999999999995
2018-12-14 18:00:00,76.14,76.53,76.335526,-0.19447448730468864,1,0.39000000000000057,380.62999999999994
2018-12-14 19:00:00,76.53,76.21,75.58264,-0.6273583984374937,1,-0.3200000000000074,380.30999999999995
2018-12-14 20:00:00,76.21,74.4,74.43811,0.038110351562494316,-1,1.809999999999988,382.11999999999995
2018-12-14 21:00:00,74.4,72.72,72.62907,-0.09093353271484261,1,-1.6800000000000068,380.43999999999994
2018-12-14 22:00:00,72.72,70.86,70.84788,-0.012122497558593182,1,-1.8599999999999994,378.5799999999999
2018-12-14 23:00:00,70.86,69.13,69.306335,0.17633544921875455,-1,1.730000000000004,380.30999999999995
2018-12-15 00:00:00,69.13,64.12,66.71399,2.5939892578124955,-1,5.009999999999991,385.31999999999994
2018-12-15 01:00:00,64.12,61.15,63.18017,2.03016815185547,-1,2.970000000000006,388.28999999999996
2018-12-15 02:00:00,61.15,56.67,59.270924,2.6009236145019514,-1,4.479999999999997,392.77
2018-12-15 03:00:00,56.67,55.21,55.975838,0.7658377075195304,-1,1.4600000000000009,394.22999999999996
2018-12-15 04:00:00,55.21,54.69,55.259693,0.5696931457519554,-1,0.5200000000000031,394.74999999999994
2018-12-15 05:00:00,54.69,56.0,55.88501,-0.114990234375,1,1.3100000000000023,396.05999999999995
2018-12-15 06:00:00,56.0,60.27,62.42197,2.1519703674316375,-1,-4.270000000000003,391.78999999999996
2018-12-15 07:00:00,60.27,61.86,66.57403,4.714028015136719,-1,-1.5899999999999963,390.2
2018-12-15 08:00:00,61.86,68.37,67.37911,-0.9908877563476608,1,6.510000000000005,396.71
2018-12-15 09:00:00,68.37,69.92,72.22551,2.305509643554686,-1,-1.5499999999999972,395.15999999999997
2018-12-15 10:00:00,69.92,69.36,72.23727,2.8772665405273443,-1,0.5600000000000023,395.71999999999997
2018-12-15 11:00:00,69.36,68.54,69.443405,0.9034051513671812,-1,0.8199999999999932,396.53999999999996
2018-12-15 12:00:00,68.54,67.99,68.814865,0.8248651123046926,-1,0.5500000000000114,397.09
2018-12-15 13:00:00,67.99,63.58,66.54525,2.9652499389648455,-1,4.409999999999997,401.5
2018-12-15 14:00:00,63.58,63.56,63.90633,0.34633010864257585,-1,0.01999999999999602,401.52
2018-12-15 15:00:00,63.56,63.85,65.21652,1.3665222167968736,-1,-0.28999999999999915,401.22999999999996
2018-12-15 16:00:00,63.85,67.74,66.71084,-1.0291616821289011,1,3.8899999999999935,405.11999999999995
2018-12-15 17:00:00,67.74,72.48,72.56796,0.08796264648437102,-1,-4.740000000000009,400.37999999999994
2018-12-15 18:00:00,72.48,72.84,74.18894,1.3489419555664028,-1,-0.35999999999999943,400.0199999999999
2018-12-15 19:00:00,72.84,66.61,71.3883,4.778298034667969,-1,6.230000000000004,406.24999999999994
2018-12-15 20:00:00,66.61,65.37,65.585236,0.21523559570312045,-1,1.2399999999999949,407.48999999999995
2018-12-15 21:00:00,65.37,65.76,65.93966,0.17965911865233863,-1,-0.39000000000000057,407.09999999999997
2018-12-15 22:00:00,65.76,64.76,66.47201,1.7120077514648386,-1,1.0,408.09999999999997
2018-12-15 23:00:00,64.76,59.68,63.59216,3.9121592712402347,-1,5.080000000000005,413.17999999999995
2018-12-16 00:00:00,59.68,56.25,58.466846,2.216846466064453,-1,3.4299999999999997,416.60999999999996
2018-12-16 01:00:00,56.25,53.88,55.517216,1.637215728759763,-1,2.3699999999999974,418.97999999999996
2018-12-16 02:00:00,53.88,51.5,53.251198,1.7511978149414062,-1,2.3800000000000026,421.35999999999996
2018-12-16 03:00:00,51.5,49.72,52.01313,2.2931301879882824,-1,1.7800000000000011,423.14
2018-12-16 04:00:00,49.72,51.97,51.147175,-0.8228251647949207,1,2.25,425.39
2018-12-16 05:00:00,51.97,53.64,56.625324,2.9853242492675776,-1,-1.6700000000000017,423.71999999999997
2018-12-16 06:00:00,53.64,55.48,58.216736,2.736735839843753,-1,-1.8399999999999963,421.88
2018-12-16 07:00:00,55.48,56.52,59.911083,3.3910832214355437,-1,-1.0400000000000063,420.84
2018-12-16 08:00:00,56.52,62.46,62.65286,0.19285873413085852,-1,-5.939999999999998,414.9
2018-12-16 09:00:00,62.46,63.38,66.07688,2.6968814086914037,-1,-0.9200000000000017,413.97999999999996
2018-12-16 10:00:00,63.38,63.62,65.29844,1.6784390258789088,-1,-0.23999999999999488,413.73999999999995
2018-12-16 11:00:00,63.62,62.72,64.20838,1.4883816528320324,-1,0.8999999999999986,414.63999999999993
2018-12-16 12:00:00,62.72,62.71,63.992496,1.2824964904785148,-1,0.00999999999999801,414.6499999999999
2018-12-16 13:00:00,62.71,63.1,63.86327,0.7632698059082017,-1,-0.39000000000000057,414.25999999999993
2018-12-16 14:00:00,63.1,59.78,62.273735,2.4937350463867176,-1,3.3200000000000003,417.5799999999999
2018-12-16 15:00:00,59.78,62.4,62.261795,-0.13820495605468608,1,2.6199999999999974,420.19999999999993
2018-12-16 16:00:00,62.4,66.72,66.89708,0.17707946777343864,-1,-4.32,415.87999999999994
2018-12-16 17:00:00,66.72,72.8,71.8468,-0.9531982421874972,1,6.079999999999998,421.9599999999999
2018-12-16 18:00:00,72.8,73.34,74.08535,0.7453500366210903,-1,-0.5400000000000063,421.4199999999999
2018-12-16 19:00:00,73.34,73.65,73.64459,-0.005407714843755684,1,0.3100000000000023,421.7299999999999
2018-12-16 20:00:00,73.65,69.89,71.68688,1.7968820190429682,-1,3.760000000000005,425.4899999999999
2018-12-16 21:00:00,69.89,70.68,68.5986,-2.081397705078132,1,0.7900000000000063,426.2799999999999
2018-12-16 22:00:00,70.68,62.52,67.5913,5.071300964355466,-1,8.160000000000004,434.43999999999994
2018-12-16 23:00:00,62.52,56.16,59.196774,3.036773529052738,-1,6.3600000000000065,440.79999999999995
2018-12-17 00:00:00,56.16,54.87,55.28062,0.41062057495117443,-1,1.2899999999999991,442.09
2018-12-17 01:00:00,54.87,53.21,55.23652,2.0265188598632804,-1,1.6599999999999966,443.75
2018-12-17 02:00:00,53.21,52.25,53.754795,1.5047950744628906,-1,0.9600000000000009,444.71
2018-12-17 03:00:00,52.25,53.03,53.61825,0.5882518005371082,-1,-0.7800000000000011,443.92999999999995
2018-12-17 04:00:00,53.03,55.59,56.962822,1.3728219604492153,-1,-2.5600000000000023,441.36999999999995
2018-12-17 05:00:00,55.59,68.21,61.59589,-6.614109954833978,1,12.61999999999999,453.98999999999995
2018-12-17 06:00:00,68.21,72.25,72.52485,0.27484893798828125,-1,-4.040000000000006,449.94999999999993
2018-12-17 07:00:00,72.25,74.48,74.02907,-0.4509320068359415,1,2.230000000000004,452.17999999999995
2018-12-17 08:00:00,74.48,75.12,74.91536,-0.20464050292969205,1,0.6400000000000006,452.81999999999994
2018-12-17 09:00:00,75.12,76.39,75.51668,-0.8733221435546881,1,1.269999999999996,454.0899999999999
2018-12-17 10:00:00,76.39,76.96,76.28463,-0.67537017822265,1,0.5699999999999932,454.6599999999999
2018-12-17 11:00:00,76.96,76.94,76.13943,-0.800572814941404,1,-0.01999999999999602,454.63999999999993
2018-12-17 12:00:00,76.94,75.38,75.558014,0.17801391601562955,-1,1.5600000000000023,456.19999999999993
2018-12-17 13:00:00,75.38,74.61,74.32405,-0.28594909667968693,1,-0.769999999999996,455.42999999999995
2018-12-17 14:00:00,74.61,74.29,74.10496,-0.1850424194336,1,-0.3199999999999932,455.10999999999996
2018-12-17 15:00:00,74.29,74.23,73.86633,-0.363666992187504,1,-0.060000000000002274,455.04999999999995
2018-12-17 16:00:00,74.23,75.43,74.342926,-1.0870739746093818,1,1.2000000000000028,456.24999999999994
2018-12-17 17:00:00,75.43,78.44,77.6396,-0.8003973388671852,1,3.009999999999991,459.25999999999993
2018-12-17 18:00:00,78.44,78.65,78.29696,-0.35304107666016193,1,0.21000000000000796,459.4699999999999
2018-12-17 19:00:00,78.65,78.69,77.25469,-1.435307922363279,1,0.03999999999999204,459.5099999999999
2018-12-17 20:00:00,78.69,74.58,75.63313,1.0531329345703142,-1,4.109999999999999,463.6199999999999
2018-12-17 21:00:00,74.58,69.78,71.748,1.9680010986328114,-1,4.799999999999997,468.4199999999999
2018-12-17 22:00:00,69.78,64.05,66.60585,2.5558502197265653,-1,5.730000000000004,474.1499999999999
2018-12-17 23:00:00,64.05,56.6,60.78254,4.18253936767578,-1,7.449999999999996,481.5999999999999
2018-12-18 00:00:00,56.6,54.5,56.11861,1.6186103820800781,-1,2.1000000000000014,483.69999999999993
2018-12-18 01:00:00,54.5,53.18,55.336002,2.156002349853516,-1,1.3200000000000003,485.0199999999999
2018-12-18 02:00:00,53.18,52.23,54.61875,2.3887515258789094,-1,0.9500000000000028,485.9699999999999
2018-12-18 03:00:00,52.23,52.17,54.361282,2.191282348632811,-1,0.05999999999999517,486.0299999999999
2018-12-18 04:00:00,52.17,54.81,56.269253,1.459252777099607,-1,-2.6400000000000006,483.38999999999993
2018-12-18 05:00:00,54.81,62.61,63.254246,0.6442457580566412,-1,-7.799999999999997,475.5899999999999
2018-12-18 06:00:00,62.61,69.22,70.94984,1.7298367309570324,-1,-6.609999999999999,468.9799999999999
2018-12-18 07:00:00,69.22,72.94,74.006065,1.066065368652346,-1,-3.719999999999999,465.2599999999999
2018-12-18 08:00:00,72.94,72.95,75.497246,2.547245788574216,-1,-0.010000000000005116,465.2499999999999
2018-12-18 09:00:00,72.95,74.07,74.31856,0.24855773925781932,-1,-1.1199999999999903,464.1299999999999
2018-12-18 10:00:00,74.07,72.61,74.8015,2.191498413085938,-1,1.4599999999999937,465.58999999999986
2018-12-18 11:00:00,72.61,72.62,72.0087,-0.6113024902343795,1,0.010000000000005116,465.59999999999985
2018-12-18 12:00:00,72.62,71.45,72.71284,1.2628372192382784,-1,1.1700000000000017,466.76999999999987
2018-12-18 13:00:00,71.45,71.38,70.84578,-0.534220581054683,1,-0.07000000000000739,466.6999999999999
2018-12-18 14:00:00,71.38,71.47,72.00808,0.5380795288085949,-1,-0.09000000000000341,466.6099999999999
2018-12-18 15:00:00,71.47,71.22,72.52595,1.3059475708007824,-1,0.25,466.8599999999999
2018-12-18 16:00:00,71.22,72.67,72.77005,0.1000500488281233,-1,-1.4500000000000028,465.4099999999999
2018-12-18 17:00:00,72.67,75.08,75.29753,0.2175311279296892,-1,-2.4099999999999966,462.9999999999999
2018-12-18 18:00:00,75.08,75.54,76.31652,0.7765206909179625,-1,-0.46000000000000796,462.53999999999985
2018-12-18 19:00:00,75.54,73.76,74.85774,1.0977423095703074,-1,1.7800000000000011,464.3199999999998
2018-12-18 20:00:00,73.76,72.58,72.00843,-0.571569519042967,1,-1.1800000000000068,463.1399999999998
2018-12-18 21:00:00,72.58,68.99,70.05864,1.0686395263671926,-1,3.5900000000000034,466.7299999999998
2018-12-18 22:00:00,68.99,63.87,66.075645,2.2056454467773463,-1,5.119999999999997,471.8499999999998
2018-12-18 23:00:00,63.87,58.04,60.96583,2.9258317565917977,-1,5.829999999999998,477.6799999999998
2018-12-19 00:00:00,58.04,54.04,56.223873,2.1838731384277352,-1,4.0,481.6799999999998
2018-12-19 01:00:00,54.04,51.32,53.04991,1.7299114990234372,-1,2.719999999999999,484.39999999999975
2018-12-19 02:00:00,51.32,50.28,51.962963,1.6829631042480457,-1,1.0399999999999991,485.43999999999977
2018-12-19 03:00:00,50.28,49.25,51.688236,2.4382362365722656,-1,1.0300000000000011,486.4699999999998
2018-12-19 04:00:00,49.25,51.64,51.323338,-0.31666244506835994,1,2.3900000000000006,488.8599999999998
2018-12-19 05:00:00,51.64,55.95,60.671036,4.72103576660156,-1,-4.310000000000002,484.5499999999998
2018-12-19 06:00:00,55.95,66.93,65.749374,-1.1806256103515693,1,10.980000000000004,495.5299999999998
2018-12-19 07:00:00,66.93,70.7,72.00425,1.3042495727539034,-1,-3.769999999999996,491.7599999999998
2018-12-19 08:00:00,70.7,72.19,73.750854,1.5608544921875023,-1,-1.4899999999999949,490.2699999999998
2018-12-19 09:00:00,72.19,71.85,73.71969,1.8696884155273494,-1,0.3400000000000034,490.6099999999998
2018-12-19 10:00:00,71.85,71.66,71.77041,0.11040863037109716,-1,0.18999999999999773,490.7999999999998
2018-12-19 11:00:00,71.66,71.56,71.490425,-0.06957489013672102,1,-0.09999999999999432,490.6999999999998
2018-12-19 12:00:00,71.56,69.99,71.19594,1.2059381103515676,-1,1.5700000000000074,492.2699999999998
2018-12-19 13:00:00,69.99,69.51,69.58185,0.07184814453124488,-1,0.47999999999998977,492.7499999999998
2018-12-19 14:00:00,69.51,69.97,70.02789,0.05789306640625114,-1,-0.45999999999999375,492.2899999999998
2018-12-19 15:00:00,69.97,70.01,71.679955,1.6699545288085886,-1,-0.04000000000000625,492.2499999999998
2018-12-19 16:00:00,70.01,72.32,72.51872,0.19872253417969432,-1,-2.309999999999988,489.93999999999977
2018-12-19 17:00:00,72.32,78.99,75.54476,-3.445238342285151,1,6.670000000000002,496.6099999999998
2018-12-19 18:00:00,78.99,78.44,78.460556,0.020556030273439774,-1,0.5499999999999972,497.1599999999998
2018-12-19 19:00:00,78.44,76.31,75.46403,-0.845972595214846,1,-2.1299999999999955,495.0299999999998
2018-12-19 20:00:00,76.31,71.04,72.30981,1.2698068237304625,-1,5.269999999999996,500.2999999999998
2018-12-19 21:00:00,71.04,68.26,68.935005,0.6750051879882761,-1,2.780000000000001,503.0799999999998
2018-12-19 22:00:00,68.26,65.03,66.24385,1.2138507080078114,-1,3.230000000000004,506.30999999999983
2018-12-19 23:00:00,65.03,66.69,65.40303,-1.2869696044921852,1,1.6599999999999966,507.9699999999998
2018-12-20 00:00:00,66.69,60.65,65.9169,5.266900634765626,-1,6.039999999999999,514.0099999999998
2018-12-20 01:00:00,60.65,57.29,58.984886,1.6948861694335946,-1,3.3599999999999994,517.3699999999998
2018-12-20 02:00:00,57.29,57.0,56.739326,-0.26067352294921875,1,-0.28999999999999915,517.0799999999998
2018-12-20 03:00:00,57.0,56.74,57.65295,0.9129502868652324,-1,0.259999999999998,517.3399999999998
2018-12-20 04:00:00,56.74,57.79,58.22811,0.4381112670898446,-1,-1.0499999999999972,516.2899999999998
2018-12-20 05:00:00,57.79,64.07,62.573456,-1.4965441894531182,1,6.279999999999994,522.5699999999998
2018-12-20 06:00:00,64.07,69.11,70.32237,1.212372436523438,-1,-5.040000000000006,517.5299999999999
2018-12-20 07:00:00,69.11,73.56,73.15387,-0.4061303710937523,1,4.450000000000003,521.9799999999999
2018-12-20 08:00:00,73.56,73.69,75.30561,1.6156106567382835,-1,-0.12999999999999545,521.8499999999999
2018-12-20 09:00:00,73.69,73.59,74.43965,0.8496514892578091,-1,0.09999999999999432,521.9499999999999
2018-12-20 10:00:00,73.59,73.08,73.91126,0.831262512207033,-1,0.5100000000000051,522.4599999999999
2018-12-20 11:00:00,73.08,71.89,73.21564,1.3256372070312494,-1,1.1899999999999977,523.6499999999999
2018-12-20 12:00:00,71.89,70.69,71.28929,0.5992913818359398,-1,1.2000000000000028,524.8499999999999
2018-12-20 13:00:00,70.69,70.13,70.51655,0.3865481567382858,-1,0.5600000000000023,525.4099999999999
2018-12-20 14:00:00,70.13,70.16,70.287224,0.12722381591797216,-1,-0.030000000000001137,525.3799999999999
2018-12-20 15:00:00,70.16,70.23,71.327644,1.0976443481445273,-1,-0.07000000000000739,525.3099999999998
2018-12-20 16:00:00,70.23,73.35,72.13706,-1.212937927246088,1,3.1199999999999903,528.4299999999998
2018-12-20 17:00:00,73.35,76.17,76.78974,0.6197415161132795,-1,-2.8200000000000074,525.6099999999998
2018-12-20 18:00:00,76.17,75.18,77.07235,1.892349548339837,-1,0.9899999999999949,526.5999999999998
2018-12-20 19:00:00,75.18,75.29,74.47369,-0.8163137817382875,1,0.10999999999999943,526.7099999999998
2018-12-20 20:00:00,75.29,73.63,73.97619,0.3461886596679733,-1,1.6600000000000108,528.3699999999998
2018-12-20 21:00:00,73.63,70.33,71.72494,1.3949374389648455,-1,3.299999999999997,531.6699999999997
2018-12-20 22:00:00,70.33,68.55,68.84868,0.29867858886719034,-1,1.7800000000000011,533.4499999999997
2018-12-20 23:00:00,68.55,64.24,66.89518,2.6551797485351614,-1,4.310000000000002,537.7599999999998
2018-12-21 00:00:00,64.24,58.44,61.682808,3.2428079223632835,-1,5.799999999999997,543.5599999999997
2018-12-21 01:00:00,58.44,56.47,57.7468,1.2767994689941418,-1,1.9699999999999989,545.5299999999997
2018-12-21 02:00:00,56.47,54.91,56.061707,1.1517065429687534,-1,1.5600000000000023,547.0899999999997
2018-12-21 03:00:00,54.91,54.68,55.18318,0.5031817626953128,-1,0.22999999999999687,547.3199999999997
2018-12-21 04:00:00,54.68,55.13,56.24371,1.1137095642089818,-1,-0.45000000000000284,546.8699999999997
2018-12-21 05:00:00,55.13,59.24,60.337276,1.0972764587402324,-1,-4.109999999999999,542.7599999999996
2018-12-21 06:00:00,59.24,67.29,66.521355,-0.7686453247070375,1,8.050000000000004,550.8099999999996
2018-12-21 07:00:00,67.29,70.02,71.583855,1.5638546752929727,-1,-2.7299999999999898,548.0799999999996
2018-12-21 08:00:00,70.02,69.74,72.67267,2.932668457031255,-1,0.28000000000000114,548.3599999999996
2018-12-21 09:00:00,69.74,70.77,70.80601,0.03600738525391023,-1,-1.0300000000000011,547.3299999999996
2018-12-21 10:00:00,70.77,70.63,71.52736,0.897359008789067,-1,0.14000000000000057,547.4699999999996
2018-12-21 11:00:00,70.63,69.72,70.25506,0.5350582885742199,-1,0.9099999999999966,548.3799999999995
2018-12-21 12:00:00,69.72,68.74,69.42153,0.6815316772460989,-1,0.980000000000004,549.3599999999996
2018-12-21 13:00:00,68.74,66.36,67.69408,1.334076538085938,-1,2.3799999999999955,551.7399999999996
2018-12-21 14:00:00,66.36,66.4,66.22426,-0.17574157714844318,1,0.04000000000000625,551.7799999999995
2018-12-21 15:00:00,66.4,66.57,67.08597,0.5159680175781318,-1,-0.1699999999999875,551.6099999999996
2018-12-21 16:00:00,66.57,70.01,70.095146,0.08514617919921363,-1,-3.440000000000012,548.1699999999995
2018-12-21 17:00:00,70.01,72.91,74.20199,1.2919882202148472,-1,-2.8999999999999915,545.2699999999995
2018-12-21 18:00:00,72.91,73.33,73.54248,0.2124804687500017,-1,-0.4200000000000017,544.8499999999996
2018-12-21 19:00:00,73.33,73.75,73.60654,-0.143463134765625,1,0.4200000000000017,545.2699999999995
2018-12-21 20:00:00,73.75,71.38,72.84756,1.4675570678710983,-1,2.3700000000000045,547.6399999999995
2018-12-21 21:00:00,71.38,69.31,69.66705,0.3570532226562477,-1,2.069999999999993,549.7099999999996
2018-12-21 22:00:00,69.31,68.18,67.99588,-0.18411987304688182,1,-1.1299999999999955,548.5799999999996
2018-12-21 23:00:00,68.18,67.3,67.90448,0.6044799804687528,-1,0.8800000000000097,549.4599999999996
2018-12-22 00:00:00,67.3,62.44,65.23497,2.7949700927734398,-1,4.859999999999999,554.3199999999996
2018-12-22 01:00:00,62.44,59.4,60.737507,1.3375068664550795,-1,3.039999999999999,557.3599999999996
2018-12-22 02:00:00,59.4,59.24,59.2784,0.038400421142576135,-1,0.1599999999999966,557.5199999999995
2018-12-22 03:00:00,59.24,59.06,60.41569,1.3556913757324196,-1,0.17999999999999972,557.6999999999995
2018-12-22 04:00:00,59.06,59.11,60.303234,1.1932341003417974,-1,-0.04999999999999716,557.6499999999995
2018-12-22 05:00:00,59.11,59.82,61.26054,1.4405400085449216,-1,-0.7100000000000009,556.9399999999995
2018-12-22 06:00:00,59.82,63.31,63.881752,0.571752014160154,-1,-3.490000000000002,553.4499999999995
2018-12-22 07:00:00,63.31,62.98,66.81884,3.838840026855472,-1,0.3300000000000054,553.7799999999995
2018-12-22 08:00:00,62.98,67.45,66.55985,-0.8901473999023466,1,4.470000000000006,558.2499999999995
2018-12-22 09:00:00,67.45,68.7,71.20465,2.504650878906247,-1,-1.25,556.9999999999995
2018-12-22 10:00:00,68.7,68.59,71.10407,2.514072570800778,-1,0.10999999999999943,557.1099999999996
2018-12-22 11:00:00,68.59,68.88,69.73864,0.8586398315429733,-1,-0.28999999999999204,556.8199999999996
2018-12-22 12:00:00,68.88,69.05,70.27925,1.2292510986328153,-1,-0.1700000000000017,556.6499999999996
2018-12-22 13:00:00,69.05,69.08,69.364334,0.2843341064453142,-1,-0.030000000000001137,556.6199999999997
2018-12-22 14:00:00,69.08,69.11,69.24322,0.13321746826171932,-1,-0.030000000000001137,556.5899999999997
2018-12-22 15:00:00,69.11,68.95,69.49404,0.5440414428710909,-1,0.1599999999999966,556.7499999999997
2018-12-22 16:00:00,68.95,70.76,70.55949,-0.20051361083984887,1,1.8100000000000023,558.5599999999997
2018-12-22 17:00:00,70.76,73.16,74.36952,1.209522094726566,-1,-2.3999999999999915,556.1599999999997
2018-12-22 18:00:00,73.16,72.99,74.85496,1.8649575805664114,-1,0.1700000000000017,556.3299999999997
2018-12-22 19:00:00,72.99,72.92,73.511955,0.591955261230467,-1,0.06999999999999318,556.3999999999996
2018-12-22 20:00:00,72.92,72.87,72.70355,-0.16644775390625455,1,-0.04999999999999716,556.3499999999997
2018-12-22 21:00:00,72.87,71.09,72.39127,1.3012734985351528,-1,1.7800000000000011,558.1299999999997
2018-12-22 22:00:00,71.09,70.74,70.004,-0.7360021972656199,1,-0.3500000000000085,557.7799999999996
2018-12-22 23:00:00,70.74,70.56,70.67533,0.11533111572265398,-1,0.1799999999999926,557.9599999999996
2018-12-23 00:00:00,70.56,67.95,68.9625,1.0125015258789034,-1,2.6099999999999994,560.5699999999996
2018-12-23 01:00:00,67.95,63.24,65.17049,1.9304864501953105,-1,4.710000000000001,565.2799999999996
2018-12-23 02:00:00,63.24,60.56,61.17913,0.6191305541992165,-1,2.6799999999999997,567.9599999999996
2018-12-23 03:00:00,60.56,60.4,59.57134,-0.8286613464355455,1,-0.1600000000000037,567.7999999999996
2018-12-23 04:00:00,60.4,59.77,61.002678,1.2326779174804656,-1,0.6299999999999955,568.4299999999996
2018-12-23 05:00:00,59.77,60.61,60.6488,0.03879989624023494,-1,-0.8399999999999963,567.5899999999996
2018-12-23 06:00:00,60.61,62.84,63.724422,0.884422454833981,-1,-2.230000000000004,565.3599999999996
2018-12-23 07:00:00,62.84,63.6,65.482956,1.882955932617186,-1,-0.759999999999998,564.5999999999996
2018-12-23 08:00:00,63.6,68.11,65.89699,-2.213012084960937,1,4.509999999999998,569.1099999999996
2018-12-23 09:00:00,68.11,68.93,69.98286,1.0528567504882744,-1,-0.8200000000000074,568.2899999999995
2018-12-23 10:00:00,68.93,68.89,70.200836,1.3108361816406244,-1,0.04000000000000625,568.3299999999995
2018-12-23 11:00:00,68.89,69.63,68.93518,-0.6948193359374955,1,0.7399999999999949,569.0699999999995
2018-12-23 12:00:00,69.63,70.41,70.95333,0.5433309936523472,-1,-0.7800000000000011,568.2899999999995
2018-12-23 13:00:00,70.41,70.64,71.23344,0.5934365844726557,-1,-0.23000000000000398,568.0599999999995
2018-12-23 14:00:00,70.64,69.49,70.5724,1.0824029541015676,-1,1.1500000000000057,569.2099999999995
2018-12-23 15:00:00,69.49,69.1,69.233376,0.13337554931641193,-1,0.39000000000000057,569.5999999999995
2018-12-23 16:00:00,69.1,70.05,69.797844,-0.2521560668945284,1,0.9500000000000028,570.5499999999995
2018-12-23 17:00:00,70.05,73.18,73.60343,0.42343170166014943,-1,-3.1300000000000097,567.4199999999995
2018-12-23 18:00:00,73.18,73.06,74.3876,1.3276037597656227,-1,0.12000000000000455,567.5399999999995
2018-12-23 19:00:00,73.06,73.32,73.4648,0.14479797363281932,-1,-0.2599999999999909,567.2799999999995
2018-12-23 20:00:00,73.32,74.07,74.00816,-0.06183654785155568,1,0.75,568.0299999999995
2018-12-23 21:00:00,74.07,71.43,74.41813,2.9881289672851494,-1,2.6399999999999864,570.6699999999995
2018-12-23 22:00:00,71.43,69.51,69.8917,0.38170074462890113,-1,1.9200000000000017,572.5899999999995
2018-12-23 23:00:00,69.51,71.23,68.85963,-2.3703732299804727,1,1.7199999999999989,574.3099999999995
2018-12-24 00:00:00,71.23,68.66,70.37306,1.713062133789066,-1,2.5700000000000074,576.8799999999995
2018-12-24 01:00:00,68.66,64.95,66.26148,1.3114822387695284,-1,3.7099999999999937,580.5899999999996
2018-12-24 02:00:00,64.95,60.82,62.877094,2.057094268798828,-1,4.130000000000003,584.7199999999996
2018-12-24 03:00:00,60.82,60.59,60.26412,-0.3258818054199253,1,-0.22999999999999687,584.4899999999996
2018-12-24 04:00:00,60.59,59.86,61.274734,1.414734497070313,-1,0.730000000000004,585.2199999999996
2018-12-24 05:00:00,59.86,64.46,63.126118,-1.3338822937011656,1,4.599999999999994,589.8199999999996
2018-12-24 06:00:00,64.46,65.93,69.27575,3.345749206542962,-1,-1.470000000000013,588.3499999999996
2018-12-24 07:00:00,65.93,71.85,70.9706,-0.8794036865234318,1,5.9199999999999875,594.2699999999995
2018-12-24 08:00:00,71.85,72.6,74.302986,1.702986145019537,-1,-0.75,593.5199999999995
2018-12-24 09:00:00,72.6,73.42,74.462944,1.042944030761717,-1,-0.8200000000000074,592.6999999999995
2018-12-24 10:00:00,73.42,73.45,74.50269,1.0526931762695284,-1,-0.030000000000001137,592.6699999999995
2018-12-24 11:00:00,73.45,73.38,73.64384,0.2638369750976608,-1,0.07000000000000739,592.7399999999996
2018-12-24 12:00:00,73.38,72.3,73.571815,1.271815490722659,-1,1.0799999999999983,593.8199999999996
2018-12-24 13:00:00,72.3,71.16,71.83733,0.6773336791992222,-1,1.1400000000000006,594.9599999999996
2018-12-24 14:00:00,71.16,69.63,71.24839,1.6183901977539108,-1,1.5300000000000011,596.4899999999996
2018-12-24 15:00:00,69.63,69.06,70.65796,1.5979589843749977,-1,0.5699999999999932,597.0599999999995
2018-12-24 16:00:00,69.06,74.26,71.26102,-2.99898315429688,1,5.200000000000003,602.2599999999995
2018-12-24 17:00:00,74.26,76.47,77.4888,1.0188000488281261,-1,-2.2099999999999937,600.0499999999995
2018-12-24 18:00:00,76.47,75.3,77.22874,1.928736877441409,-1,1.1700000000000017,601.2199999999995
2018-12-24 19:00:00,75.3,74.95,75.04007,0.09006958007812216,-1,0.3499999999999943,601.5699999999995
2018-12-24 20:00:00,74.95,73.16,74.13372,0.9737203979492222,-1,1.7900000000000063,603.3599999999994
2018-12-24 21:00:00,73.16,70.39,71.74974,1.359740600585937,-1,2.769999999999996,606.1299999999994
2018-12-24 22:00:00,70.39,70.2,69.50146,-0.6985427856445341,1,-0.18999999999999773,605.9399999999994
2018-12-24 23:00:00,70.2,71.98,71.02557,-0.954426269531254,1,1.7800000000000011,607.7199999999993
2018-12-25 00:00:00,71.98,70.24,72.47615,2.2361505126953176,-1,1.740000000000009,609.4599999999994
2018-12-25 01:00:00,70.24,66.35,67.4075,1.0575012207031307,-1,3.8900000000000006,613.3499999999993
2018-12-25 02:00:00,66.35,62.1,63.141846,1.0418457031249986,-1,4.249999999999993,617.5999999999993
2018-12-25 03:00:00,62.1,61.22,60.87286,-0.3471400451660145,1,-0.8800000000000026,616.7199999999993
2018-12-25 04:00:00,61.22,61.65,61.47267,-0.17732849121093608,1,0.4299999999999997,617.1499999999993
2018-12-25 05:00:00,61.65,61.28,64.64866,3.368658752441405,-1,0.36999999999999744,617.5199999999993
2018-12-25 06:00:00,61.28,61.67,65.08184,3.411840515136717,-1,-0.39000000000000057,617.1299999999993
2018-12-25 07:00:00,61.67,62.55,67.05258,4.502581787109378,-1,-0.8799999999999955,616.2499999999993
2018-12-25 08:00:00,62.55,66.8,68.09339,1.293391418457034,-1,-4.25,611.9999999999993
2018-12-25 09:00:00,66.8,69.04,72.280235,3.2402352905273375,-1,-2.240000000000009,609.7599999999993
2018-12-25 10:00:00,69.04,71.02,72.528915,1.5089154052734415,-1,-1.9799999999999898,607.7799999999993
2018-12-25 11:00:00,71.02,71.62,73.54476,1.9247616577148392,-1,-0.6000000000000085,607.1799999999993
2018-12-25 12:00:00,71.62,72.41,72.824,0.41399749755859716,-1,-0.789999999999992,606.3899999999993
2018-12-25 13:00:00,72.41,71.73,73.63239,1.9023928833007773,-1,0.6799999999999926,607.0699999999993
2018-12-25 14:00:00,71.73,68.79,71.30055,2.5105523681640562,-1,2.9399999999999977,610.0099999999993
2018-12-25 15:00:00,68.79,68.53,69.78978,1.2597796630859364,-1,0.2600000000000051,610.2699999999993
2018-12-25 16:00:00,68.53,69.18,71.01742,1.837417907714837,-1,-0.6500000000000057,609.6199999999993
2018-12-25 17:00:00,69.18,71.73,74.4932,2.7632022094726523,-1,-2.549999999999997,607.0699999999994
2018-12-25 18:00:00,71.73,71.94,74.349945,2.4099450683593773,-1,-0.20999999999999375,606.8599999999993
2018-12-25 19:00:00,71.94,73.05,73.66027,0.6102706909179716,-1,-1.1099999999999994,605.7499999999993
2018-12-25 20:00:00,73.05,73.94,74.821236,0.8812356567382835,-1,-0.8900000000000006,604.8599999999993
2018-12-25 21:00:00,73.94,71.98,73.9361,1.956096191406246,-1,1.9599999999999937,606.8199999999994
2018-12-25 22:00:00,71.98,69.12,70.44039,1.3203915405273392,-1,2.8599999999999994,609.6799999999994
2018-12-25 23:00:00,69.12,65.64,67.1409,1.5008996582031244,-1,3.480000000000004,613.1599999999994
2018-12-26 00:00:00,65.64,59.61,63.319473,3.709473266601563,-1,6.030000000000001,619.1899999999994
2018-12-26 01:00:00,59.61,56.2,58.881733,2.6817329406738253,-1,3.4099999999999966,622.5999999999993
2018-12-26 02:00:00,56.2,54.74,56.257236,1.5172364807128886,-1,1.4600000000000009,624.0599999999994
2018-12-26 03:00:00,54.74,54.58,56.32375,1.7437495422363298,-1,0.1600000000000037,624.2199999999993
2018-12-26 04:00:00,54.58,56.09,57.656372,1.5663720703124966,-1,-1.5100000000000051,622.7099999999994
2018-12-26 05:00:00,56.09,59.52,61.60311,2.0831112670898406,-1,-3.4299999999999997,619.2799999999994
2018-12-26 06:00:00,59.52,64.66,66.145546,1.4855459594726597,-1,-5.1399999999999935,614.1399999999994
2018-12-26 07:00:00,64.66,69.88,70.765396,0.885396118164067,-1,-5.219999999999999,608.9199999999994
2018-12-26 08:00:00,69.88,72.01,72.80992,0.7999212646484324,-1,-2.1300000000000097,606.7899999999994
2018-12-26 09:00:00,72.01,73.11,73.535805,0.4258047485351568,-1,-1.0999999999999943,605.6899999999994
2018-12-26 10:00:00,73.11,73.08,73.6006,0.5206011962890642,-1,0.030000000000001137,605.7199999999993
2018-12-26 11:00:00,73.08,73.36,72.899025,-0.4609750366210932,1,0.28000000000000114,605.9999999999993
2018-12-26 12:00:00,73.36,72.47,73.28016,0.8101589965820324,-1,0.8900000000000006,606.8899999999993
2018-12-26 13:00:00,72.47,72.44,71.6923,-0.7477011108398415,1,-0.030000000000001137,606.8599999999993
2018-12-26 14:00:00,72.44,71.92,72.3986,0.47859771728515454,-1,0.519999999999996,607.3799999999993
2018-12-26 15:00:00,71.92,72.24,71.524765,-0.7152349853515574,1,0.3199999999999932,607.6999999999994
2018-12-26 16:00:00,72.24,74.15,73.60307,-0.5469268798828182,1,1.9100000000000108,609.6099999999993
2018-12-26 17:00:00,74.15,78.5,77.09439,-1.405609130859375,1,4.349999999999994,613.9599999999994
2018-12-26 18:00:00,78.5,78.09,77.92294,-0.1670568847656284,1,-0.4099999999999966,613.5499999999994
2018-12-26 19:00:00,78.09,77.62,76.09159,-1.5284091186523483,1,-0.46999999999999886,613.0799999999994
2018-12-26 20:00:00,77.62,75.29,75.5381,0.24810119628905625,-1,2.3299999999999983,615.4099999999994
2018-12-26 21:00:00,75.29,72.95,74.133316,1.1833160400390597,-1,2.3400000000000034,617.7499999999994
2018-12-26 22:00:00,72.95,72.18,71.49505,-0.6849514770507881,1,-0.769999999999996,616.9799999999994
2018-12-26 23:00:00,72.18,72.61,71.46493,-1.1450723266601557,1,0.4299999999999926,617.4099999999994
2018-12-27 00:00:00,72.61,70.82,71.838936,1.018935852050788,-1,1.7900000000000063,619.1999999999994
2018-12-27 01:00:00,70.82,67.18,68.742035,1.5620349121093682,-1,3.6399999999999864,622.8399999999993
2018-12-27 02:00:00,67.18,64.09,65.787476,1.6974755859374966,-1,3.0900000000000034,625.9299999999994
2018-12-27 03:00:00,64.09,63.2,64.28172,1.0817230224609347,-1,0.8900000000000006,626.8199999999994
2018-12-27 04:00:00,63.2,65.87,64.547844,-1.3221560668945358,1,2.6700000000000017,629.4899999999993
2018-12-27 05:00:00,65.87,69.31,69.13601,-0.17399078369140852,1,3.4399999999999977,632.9299999999994
2018-12-27 06:00:00,69.31,71.02,72.95073,1.9307293701171915,-1,-1.7099999999999937,631.2199999999993
2018-12-27 07:00:00,71.02,73.2,74.119804,0.9198043823242159,-1,-2.180000000000007,629.0399999999993
2018-12-27 08:00:00,73.2,73.91,75.30299,1.392993774414066,-1,-0.7099999999999937,628.3299999999992
2018-12-27 09:00:00,73.91,74.98,75.38022,0.400218505859371,-1,-1.0700000000000074,627.2599999999992
2018-12-27 10:00:00,74.98,74.85,75.80132,0.9513229370117244,-1,0.13000000000000966,627.3899999999992
2018-12-27 11:00:00,74.85,74.64,74.61815,-0.02185119628906307,1,-0.20999999999999375,627.1799999999992
2018-12-27 12:00:00,74.64,73.28,74.6924,1.4123980712890614,-1,1.3599999999999994,628.5399999999992
2018-12-27 13:00:00,73.28,73.29,73.43985,0.14984985351561875,-1,-0.010000000000005116,628.5299999999992
2018-12-27 14:00:00,73.29,73.3,73.85534,0.5553390502929716,-1,-0.009999999999990905,628.5199999999992
2018-12-27 15:00:00,73.3,74.6,74.589005,-0.010995483398431816,1,1.2999999999999972,629.8199999999991
2018-12-27 16:00:00,74.6,77.94,76.84528,-1.0947164916992165,1,3.3400000000000034,633.1599999999992
2018-12-27 17:00:00,77.94,81.12,79.81603,-1.3039675903320358,1,3.180000000000007,636.3399999999992
2018-12-27 18:00:00,81.12,80.1,80.06603,-0.033967590332025566,1,-1.0200000000000102,635.3199999999993
2018-12-27 19:00:00,80.1,78.99,77.11117,-1.8788320922851511,1,-1.1099999999999994,634.2099999999992
2018-12-27 20:00:00,78.99,77.65,75.8343,-1.8157028198242244,1,-1.3399999999999892,632.8699999999992
2018-12-27 21:00:00,77.65,73.28,74.84242,1.5624224853515614,-1,4.3700000000000045,637.2399999999992
2018-12-27 22:00:00,73.28,73.48,72.544235,-0.9357647705078165,1,0.20000000000000284,637.4399999999993
2018-12-27 23:00:00,73.48,70.93,73.4557,2.5257037353515557,-1,2.549999999999997,639.9899999999992
2018-12-28 00:00:00,70.93,68.61,69.722946,1.112946166992188,-1,2.3200000000000074,642.3099999999993
2018-12-28 01:00:00,68.61,64.19,66.93638,2.7463784790039085,-1,4.420000000000002,646.7299999999992
2018-12-28 02:00:00,64.19,62.53,64.07631,1.5463092041015614,-1,1.6599999999999966,648.3899999999992
2018-12-28 03:00:00,62.53,59.78,62.136147,2.356146545410155,-1,2.75,651.1399999999992
2018-12-28 04:00:00,59.78,59.82,61.48164,1.6616398620605466,-1,-0.03999999999999915,651.0999999999992
2018-12-28 05:00:00,59.82,64.27,64.23036,-0.03963806152343352,1,4.449999999999996,655.5499999999993
2018-12-28 06:00:00,64.27,66.81,69.43032,2.6203207397460915,-1,-2.5400000000000063,653.0099999999993
2018-12-28 07:00:00,66.81,71.38,71.87111,0.49110900878906705,-1,-4.569999999999993,648.4399999999994
2018-12-28 08:00:00,71.38,72.98,74.172874,1.1928744506835898,-1,-1.6000000000000085,646.8399999999993
2018-12-28 09:00:00,72.98,74.33,74.97343,0.643426818847658,-1,-1.3499999999999943,645.4899999999993
2018-12-28 10:00:00,74.33,72.85,74.81703,1.9670318603515682,-1,1.480000000000004,646.9699999999993
2018-12-28 11:00:00,72.85,72.78,72.79253,0.012526245117186363,-1,0.06999999999999318,647.0399999999993
2018-12-28 12:00:00,72.78,70.44,72.82223,2.382227478027346,-1,2.3400000000000034,649.3799999999993
2018-12-28 13:00:00,70.44,70.67,70.00735,-0.662652893066408,1,0.23000000000000398,649.6099999999993
2018-12-28 14:00:00,70.67,68.98,71.08363,2.1036334228515585,-1,1.6899999999999977,651.2999999999993
2018-12-28 15:00:00,68.98,71.57,70.82986,-0.7401431274413994,1,2.589999999999989,653.8899999999993
2018-12-28 16:00:00,71.57,74.27,75.17183,0.9018292236328165,-1,-2.700000000000003,651.1899999999993
2018-12-28 17:00:00,74.27,78.26,77.414856,-0.8451440429687551,1,3.990000000000009,655.1799999999993
2018-12-28 18:00:00,78.26,77.1,78.501625,1.401625061035162,-1,1.1600000000000108,656.3399999999992
2018-12-28 19:00:00,77.1,73.6,74.93352,1.3335174560546932,-1,3.5,659.8399999999992
2018-12-28 20:00:00,73.6,69.21,71.492485,2.282485046386725,-1,4.390000000000001,664.2299999999992
2018-12-28 21:00:00,69.21,67.53,68.15734,0.6273410034179676,-1,1.6799999999999926,665.9099999999992
2018-12-28 22:00:00,67.53,64.08,67.19809,3.1180895996093767,-1,3.450000000000003,669.3599999999992
2018-12-28 23:00:00,64.08,65.49,65.79165,0.30164886474609887,-1,-1.4099999999999966,667.9499999999992
2018-12-29 00:00:00,65.49,60.22,66.16952,5.949517517089845,-1,5.269999999999996,673.2199999999992
2018-12-29 01:00:00,60.22,55.76,59.301823,3.5418226623535176,-1,4.460000000000001,677.6799999999993
2018-12-29 02:00:00,55.76,54.93,55.659798,0.7297976684570315,-1,0.8299999999999983,678.5099999999993
2018-12-29 03:00:00,54.93,54.17,56.30081,2.1308117675781233,-1,0.759999999999998,679.2699999999993
2018-12-29 04:00:00,54.17,54.15,55.8201,1.6700988769531264,-1,0.020000000000003126,679.2899999999993
2018-12-29 05:00:00,54.15,54.39,56.968964,2.5789636230468744,-1,-0.240000000000002,679.0499999999993
2018-12-29 06:00:00,54.39,55.5,59.535133,4.035133361816406,-1,-1.1099999999999994,677.9399999999993
2018-12-29 07:00:00,55.5,58.78,61.962234,3.1822344970703114,-1,-3.280000000000001,674.6599999999993
2018-12-29 08:00:00,58.78,65.46,66.17373,0.7137289428711,-1,-6.679999999999993,667.9799999999993
2018-12-29 09:00:00,65.46,66.87,69.81155,2.941546325683589,-1,-1.4100000000000108,666.5699999999994
2018-12-29 10:00:00,66.87,65.13,69.10559,3.9755908203125045,-1,1.740000000000009,668.3099999999994
2018-12-29 11:00:00,65.13,64.47,65.977554,1.5075543212890636,-1,0.6599999999999966,668.9699999999993
2018-12-29 12:00:00,64.47,63.24,65.31295,2.0729501342773418,-1,1.2299999999999969,670.1999999999994
2018-12-29 13:00:00,63.24,60.89,63.24431,2.354308471679687,-1,2.3500000000000014,672.5499999999994
2018-12-29 14:00:00,60.89,58.75,61.462727,2.712726593017578,-1,2.1400000000000006,674.6899999999994
2018-12-29 15:00:00,58.75,59.16,62.71438,3.554378356933597,-1,-0.4099999999999966,674.2799999999994
2018-12-29 16:00:00,59.16,64.19,66.412346,2.222345886230471,-1,-5.030000000000001,669.2499999999994
2018-12-29 17:00:00,64.19,70.49,71.82974,1.3397424316406301,-1,-6.299999999999997,662.9499999999995
2018-12-29 18:00:00,70.49,71.01,73.734314,2.724313964843745,-1,-0.5200000000000102,662.4299999999995
2018-12-29 19:00:00,71.01,70.72,72.62975,1.9097531127929699,-1,0.29000000000000625,662.7199999999995
2018-12-29 20:00:00,70.72,70.34,70.73128,0.3912774658203091,-1,0.37999999999999545,663.0999999999995
2018-12-29 21:00:00,70.34,68.65,69.227875,0.5778747558593693,-1,1.6899999999999977,664.7899999999995
2018-12-29 22:00:00,68.65,68.31,68.18294,-0.12706237792968977,1,-0.3400000000000034,664.4499999999995
2018-12-29 23:00:00,68.31,67.38,68.38702,1.0070162963867233,-1,0.9300000000000068,665.3799999999994
2018-12-30 00:00:00,67.38,57.69,62.63065,4.940649566650393,-1,9.689999999999998,675.0699999999995
2018-12-30 01:00:00,57.69,56.27,56.950443,0.6804432678222625,-1,1.4199999999999946,676.4899999999994
2018-12-30 02:00:00,56.27,55.4,56.142197,0.7421966552734389,-1,0.8700000000000045,677.3599999999994
2018-12-30 03:00:00,55.4,55.15,56.121304,0.9713035583496108,-1,0.25,677.6099999999994
2018-12-30 04:00:00,55.15,55.13,56.263298,1.1332980346679662,-1,0.01999999999999602,677.6299999999994
2018-12-30 05:00:00,55.13,55.34,56.855316,1.5153161621093716,-1,-0.21000000000000085,677.4199999999994
2018-12-30 06:00:00,55.34,56.35,58.512596,2.1625961303710923,-1,-1.009999999999998,676.4099999999994
2018-12-30 07:00:00,56.35,57.7,60.430676,2.730675506591794,-1,-1.3500000000000014,675.0599999999994
2018-12-30 08:00:00,57.7,61.77,64.3829,2.6128964233398406,-1,-4.07,670.9899999999993
2018-12-30 09:00:00,61.77,65.5,67.336105,1.8361053466796875,-1,-3.729999999999997,667.2599999999993
2018-12-30 10:00:00,65.5,65.67,67.76783,2.0978298950195295,-1,-0.1700000000000017,667.0899999999993
2018-12-30 11:00:00,65.67,67.09,66.853676,-0.23632415771484716,1,1.4200000000000017,668.5099999999993
2018-12-30 12:00:00,67.09,69.4,69.58307,0.18306884765624432,-1,-2.3100000000000023,666.1999999999994
2018-12-30 13:00:00,69.4,69.9,71.03786,1.1378570556640568,-1,-0.5,665.6999999999994
2018-12-30 14:00:00,69.9,66.97,69.50132,2.5313198852539074,-1,2.930000000000007,668.6299999999994
2018-12-30 15:00:00,66.97,65.48,66.8634,1.383403320312496,-1,1.4899999999999949,670.1199999999994
2018-12-30 16:00:00,65.48,68.2,67.88969,-0.3103134155273466,1,2.719999999999999,672.8399999999995
2018-12-30 17:00:00,68.2,71.43,73.484024,2.0540240478515557,-1,-3.230000000000004,669.6099999999994
2018-12-30 18:00:00,71.43,72.37,73.67876,1.308756713867183,-1,-0.9399999999999977,668.6699999999994
2018-12-30 19:00:00,72.37,73.35,73.65398,0.3039764404296932,-1,-0.9799999999999898,667.6899999999994
2018-12-30 20:00:00,73.35,73.64,74.151115,0.5111154174804682,-1,-0.29000000000000625,667.3999999999994
2018-12-30 21:00:00,73.64,71.92,73.407555,1.487554626464842,-1,1.7199999999999989,669.1199999999994
2018-12-30 22:00:00,71.92,69.49,70.17103,0.6810281372070364,-1,2.430000000000007,671.5499999999995
2018-12-30 23:00:00,69.49,68.4,68.8004,0.4003997802734318,-1,1.0899999999999892,672.6399999999995
2018-12-31 00:00:00,68.4,60.32,64.63248,4.312476806640625,-1,8.080000000000005,680.7199999999996
2018-12-31 01:00:00,60.32,57.73,59.694927,1.964927215576175,-1,2.5900000000000034,683.3099999999996
2018-12-31 02:00:00,57.73,57.66,57.632145,-0.027855072021480964,1,-0.07000000000000028,683.2399999999996
2018-12-31 03:00:00,57.66,57.04,58.75732,1.7173204040527352,-1,0.6199999999999974,683.8599999999996
2018-12-31 04:00:00,57.04,57.48,57.46578,-0.014221649169918749,1,0.4399999999999977,684.2999999999995
2018-12-31 05:00:00,57.48,61.13,62.687843,1.5578433227539037,-1,-3.6500000000000057,680.6499999999995
2018-12-31 06:00:00,61.13,60.7,66.10867,5.408673095703122,-1,0.4299999999999997,681.0799999999995
2018-12-31 07:00:00,60.7,66.64,64.13826,-2.501740112304688,1,5.939999999999998,687.0199999999995
2018-12-31 08:00:00,66.64,70.33,71.68867,1.358667297363283,-1,-3.6899999999999977,683.3299999999995
2018-12-31 09:00:00,70.33,72.12,72.83076,0.7107571411132767,-1,-1.7900000000000063,681.5399999999995
2018-12-31 10:00:00,72.12,71.81,73.28136,1.4713568115234352,-1,0.3100000000000023,681.8499999999995
2018-12-31 11:00:00,71.81,72.42,71.50021,-0.9197863769531267,1,0.6099999999999994,682.4599999999995
2018-12-31 12:00:00,72.42,71.8,73.1369,1.3369018554687528,-1,0.6200000000000045,683.0799999999995
2018-12-31 13:00:00,71.8,71.95,71.01333,-0.9366714477539091,1,0.15000000000000568,683.2299999999994
2018-12-31 14:00:00,71.95,70.85,71.88553,1.0355285644531307,-1,1.1000000000000085,684.3299999999995
2018-12-31 15:00:00,70.85,71.36,70.62582,-0.7341836547851557,1,0.5100000000000051,684.8399999999995
2018-12-31 16:00:00,71.36,75.13,73.67104,-1.4589566040039017,1,3.769999999999996,688.6099999999994
2018-12-31 17:00:00,75.13,77.61,76.60983,-1.0001672363281244,1,2.480000000000004,691.0899999999995
2018-12-31 18:00:00,77.61,77.02,77.13919,0.11919067382812898,-1,0.5900000000000034,691.6799999999995
2018-12-31 19:00:00,77.02,76.16,75.49013,-0.6698724365234341,1,-0.8599999999999994,690.8199999999995
2018-12-31 20:00:00,76.16,74.3,73.98938,-0.31062011718749716,1,-1.8599999999999994,688.9599999999995
2018-12-31 21:00:00,74.3,69.89,71.68799,1.7979882812499994,-1,4.409999999999997,693.3699999999994
2018-12-31 22:00:00,69.89,69.88,69.27174,-0.608256225585933,1,-0.010000000000005116,693.3599999999994
