time,price_t,price_tplus,pred_tplus,signal,threshold,position,pnl,pnl_cum
2018-12-01 23:00:00,64.5,60.27,58.938705,-5.5612945556640625,0.1,-1,4.229999999999997,4.229999999999997
2018-12-02 00:00:00,60.27,53.37,56.089222,-4.1807780456543,0.1,-1,6.900000000000006,11.130000000000003
2018-12-02 01:00:00,53.37,51.32,51.105873,-2.264126892089841,0.1,-1,2.049999999999997,13.18
2018-12-02 02:00:00,51.32,50.03,49.978607,-1.3413928222656253,0.1,-1,1.2899999999999991,14.469999999999999
2018-12-02 03:00:00,50.03,50.25,49.254547,-0.7754528808593761,0.1,-1,-0.21999999999999886,14.25
2018-12-02 04:00:00,50.25,50.98,51.31798,1.0679817199707031,0.1,1,0.7299999999999969,14.979999999999997
2018-12-02 05:00:00,50.98,51.73,54.87404,3.8940386962890656,0.1,1,0.75,15.729999999999997
2018-12-02 06:00:00,51.73,51.42,57.043087,5.3130870056152375,0.1,1,-0.30999999999999517,15.420000000000002
2018-12-02 07:00:00,51.42,52.01,56.40018,4.980180816650389,0.1,1,0.5899999999999963,16.009999999999998
2018-12-02 08:00:00,52.01,55.41,58.27173,6.261728515625002,0.1,1,3.3999999999999986,19.409999999999997
2018-12-02 09:00:00,55.41,60.8,62.76554,7.35554107666016,0.1,1,5.390000000000001,24.799999999999997
2018-12-02 10:00:00,60.8,63.12,64.94605,4.146052551269534,0.1,1,2.3200000000000003,27.119999999999997
2018-12-02 11:00:00,63.12,63.85,66.54833,3.4283322143554713,0.1,1,0.730000000000004,27.85
2018-12-02 12:00:00,63.85,67.94,64.909615,1.0596145629882798,0.1,1,4.089999999999996,31.939999999999998
2018-12-02 13:00:00,67.94,66.48,67.73935,-0.20065063476562273,0.1,-1,1.4599999999999937,33.39999999999999
2018-12-02 14:00:00,66.48,62.07,64.31126,-2.1687435913085977,0.1,-1,4.410000000000004,37.809999999999995
2018-12-02 15:00:00,62.07,61.77,61.73751,-0.33248931884765653,0.1,-1,0.29999999999999716,38.10999999999999
2018-12-02 16:00:00,61.77,66.78,64.8574,3.087398986816403,0.1,1,5.009999999999998,43.11999999999999
2018-12-02 17:00:00,66.78,72.51,70.35388,3.573881835937499,0.1,1,5.730000000000004,48.849999999999994
2018-12-02 18:00:00,72.51,72.35,73.29485,0.7848532104492136,0.1,1,-0.1600000000000108,48.68999999999998
2018-12-02 19:00:00,72.35,72.85,72.396385,0.046385192871099434,0.1,0,0.0,48.68999999999998
2018-12-02 20:00:00,72.85,72.61,72.56033,-0.2896667480468693,0.1,-1,0.23999999999999488,48.92999999999998
2018-12-02 21:00:00,72.61,71.22,69.59247,-3.0175317382812494,0.1,-1,1.3900000000000006,50.31999999999998
2018-12-02 22:00:00,71.22,66.96,67.45535,-3.764647216796874,0.1,-1,4.260000000000005,54.579999999999984
2018-12-02 23:00:00,66.96,53.89,61.557293,-5.402707061767572,0.1,-1,13.069999999999993,67.64999999999998
2018-12-03 00:00:00,53.89,50.93,51.214012,-2.675987854003907,0.1,-1,2.960000000000001,70.60999999999999
2018-12-03 01:00:00,50.93,49.65,50.09319,-0.8368107604980466,0.1,-1,1.2800000000000011,71.88999999999999
2018-12-03 02:00:00,49.65,49.38,49.53273,-0.11726989746093608,0.1,-1,0.269999999999996,72.15999999999998
2018-12-03 03:00:00,49.38,49.8,49.90602,0.5260211181640599,0.1,1,0.4199999999999946,72.57999999999998
2018-12-03 04:00:00,49.8,50.85,50.925915,1.1259147644042997,0.1,1,1.0500000000000043,73.63
2018-12-03 05:00:00,50.85,57.92,52.59236,1.742361450195311,0.1,1,7.07,80.69999999999999
2018-12-03 06:00:00,57.92,67.76,59.139862,1.2198620605468733,0.1,1,9.840000000000003,90.53999999999999
2018-12-03 07:00:00,67.76,70.38,67.41848,-0.34152008056641137,0.1,-1,-2.6199999999999903,87.92
2018-12-03 08:00:00,70.38,71.8,70.0081,-0.37189758300780795,0.1,-1,-1.4200000000000017,86.5
2018-12-03 09:00:00,71.8,73.27,71.17512,-0.6248825073242159,0.1,-1,-1.4699999999999989,85.03
2018-12-03 10:00:00,73.27,73.52,72.18943,-1.0805697631835898,0.1,-1,-0.25,84.78
2018-12-03 11:00:00,73.52,73.53,71.91249,-1.6075091552734335,0.1,-1,-0.010000000000005116,84.77
2018-12-03 12:00:00,73.53,71.98,71.85292,-1.6770794677734386,0.1,-1,1.5499999999999972,86.32
2018-12-03 13:00:00,71.98,70.08,70.16352,-1.8164791870117227,0.1,-1,1.9000000000000057,88.22
2018-12-03 14:00:00,70.08,71.07,68.91785,-1.1621533203124983,0.1,-1,-0.9899999999999949,87.23
2018-12-03 15:00:00,71.07,72.23,70.98239,-0.08760864257811818,0.1,0,0.0,87.23
2018-12-03 16:00:00,72.23,74.16,72.23392,0.003917236328121021,0.1,0,0.0,87.23
2018-12-03 17:00:00,74.16,78.79,73.545975,-0.6140252685546841,0.1,-1,-4.63000000000001,82.6
2018-12-03 18:00:00,78.79,77.98,76.63447,-2.155531921386725,0.1,-1,0.8100000000000023,83.41
2018-12-03 19:00:00,77.98,77.81,76.370384,-1.6096157836914102,0.1,-1,0.1700000000000017,83.58
2018-12-03 20:00:00,77.81,75.76,75.78248,-2.027521667480471,0.1,-1,2.049999999999997,85.63
2018-12-03 21:00:00,75.76,73.27,71.47201,-4.287992248535161,0.1,-1,2.490000000000009,88.12
2018-12-03 22:00:00,73.27,72.14,69.291145,-3.9788546752929648,0.1,-1,1.1299999999999955,89.25
2018-12-03 23:00:00,72.14,67.01,67.34925,-4.790749206542969,0.1,-1,5.1299999999999955,94.38
2018-12-04 00:00:00,67.01,62.68,62.73586,-4.274141082763677,0.1,-1,4.330000000000005,98.71000000000001
2018-12-04 01:00:00,62.68,61.66,59.44568,-3.2343212890624997,0.1,-1,1.0200000000000031,99.73000000000002
2018-12-04 02:00:00,61.66,61.53,60.427326,-1.2326737976074185,0.1,-1,0.12999999999999545,99.86000000000001
2018-12-04 03:00:00,61.53,61.4,61.743,0.213000030517577,0.1,1,-0.13000000000000256,99.73000000000002
2018-12-04 04:00:00,61.4,63.42,62.31756,0.9175582885742202,0.1,1,2.020000000000003,101.75000000000003
2018-12-04 05:00:00,63.42,67.56,65.1882,1.7682019042968733,0.1,1,4.140000000000001,105.89000000000003
2018-12-04 06:00:00,67.56,72.85,69.83393,2.273930969238279,0.1,1,5.289999999999992,111.18000000000002
2018-12-04 07:00:00,72.85,75.58,72.99513,0.14513244628906818,0.1,1,2.730000000000004,113.91000000000003
2018-12-04 08:00:00,75.58,75.4,75.202965,-0.37703521728515454,0.1,-1,0.1799999999999926,114.09000000000002
2018-12-04 09:00:00,75.4,76.18,74.51835,-0.8816513061523494,0.1,-1,-0.7800000000000011,113.31000000000002
2018-12-04 10:00:00,76.18,75.77,76.00415,-0.17584960937500682,0.1,-1,0.4100000000000108,113.72000000000003
2018-12-04 11:00:00,75.77,74.27,74.84766,-0.922343749999996,0.1,-1,1.5,115.22000000000003
2018-12-04 12:00:00,74.27,72.75,73.54963,-0.7203707885742148,0.1,-1,1.519999999999996,116.74000000000002
2018-12-04 13:00:00,72.75,73.15,72.19675,-0.553253173828125,0.1,-1,-0.4000000000000057,116.34000000000002
2018-12-04 14:00:00,73.15,73.84,73.42084,0.2708374023437443,0.1,1,0.6899999999999977,117.03000000000002
2018-12-04 15:00:00,73.84,74.21,74.2426,0.4025994873046841,0.1,1,0.36999999999999034,117.4
2018-12-04 16:00:00,74.21,76.29,74.70533,0.4953298950195375,0.1,1,2.0800000000000125,119.48000000000002
2018-12-04 17:00:00,76.29,84.06,78.20695,1.91694732666015,0.1,1,7.769999999999996,127.25000000000001
2018-12-04 18:00:00,84.06,84.05,83.3717,-0.6883035278320335,0.1,-1,0.010000000000005116,127.26000000000002
2018-12-04 19:00:00,84.05,77.27,80.525375,-3.5246246337890597,0.1,-1,6.780000000000001,134.04000000000002
2018-12-04 20:00:00,77.27,75.17,76.4598,-0.8101992797851523,0.1,-1,2.0999999999999943,136.14000000000001
2018-12-04 21:00:00,75.17,73.14,72.47938,-2.6906222534179705,0.1,-1,2.030000000000001,138.17000000000002
2018-12-04 22:00:00,73.14,72.08,70.5271,-2.6129003906250006,0.1,-1,1.0600000000000023,139.23000000000002
2018-12-04 23:00:00,72.08,67.07,69.20145,-2.8785534667968733,0.1,-1,5.010000000000005,144.24
2018-12-05 00:00:00,67.07,61.32,65.50001,-1.569992370605462,0.1,-1,5.749999999999993,149.99
2018-12-05 01:00:00,61.32,58.65,61.93312,0.6131207275390622,0.1,1,-2.6700000000000017,147.32
2018-12-05 02:00:00,58.65,56.37,60.380154,1.7301536560058608,0.1,1,-2.280000000000001,145.04
2018-12-05 03:00:00,56.37,55.21,58.548836,2.178835754394534,0.1,1,-1.1599999999999966,143.88
2018-12-05 04:00:00,55.21,58.42,57.851967,2.6419668579101554,0.1,1,3.210000000000001,147.09
2018-12-05 05:00:00,58.42,61.78,64.3941,5.974096374511717,0.1,1,3.3599999999999994,150.45
2018-12-05 06:00:00,61.78,69.68,69.00461,7.224608154296874,0.1,1,7.900000000000006,158.35
2018-12-05 07:00:00,69.68,72.89,74.18323,4.503227539062493,0.1,1,3.2099999999999937,161.56
2018-12-05 08:00:00,72.89,72.52,74.00442,1.1144174194335932,0.1,1,-0.37000000000000455,161.19
2018-12-05 09:00:00,72.52,73.99,72.39733,-0.12266876220702727,0.1,-1,-1.4699999999999989,159.72
2018-12-05 10:00:00,73.99,73.17,74.71442,0.7244165039062551,0.1,1,-0.8199999999999932,158.9
2018-12-05 11:00:00,73.17,73.07,72.89223,-0.2777728271484392,0.1,-1,0.10000000000000853,159.0
2018-12-05 12:00:00,73.07,71.3,73.158264,0.08826416015625682,0.1,0,-0.0,159.0
2018-12-05 13:00:00,71.3,70.88,70.82111,-0.4788864135742159,0.1,-1,0.4200000000000017,159.42000000000002
2018-12-05 14:00:00,70.88,70.51,71.19951,0.31950866699219205,0.1,1,-0.36999999999999034,159.05
2018-12-05 15:00:00,70.51,70.73,71.474014,0.9640142822265574,0.1,1,0.21999999999999886,159.27
2018-12-05 16:00:00,70.73,73.21,73.57518,2.8451800537109335,0.1,1,2.4799999999999898,161.75
2018-12-05 17:00:00,73.21,76.3,76.98255,3.7725515747070375,0.1,1,3.0900000000000034,164.84
2018-12-05 18:00:00,76.3,73.61,79.527115,3.2271148681640653,0.1,1,-2.6899999999999977,162.15
2018-12-05 19:00:00,73.61,72.8,72.81187,-0.7981332397460932,0.1,-1,0.8100000000000023,162.96
2018-12-05 20:00:00,72.8,71.19,71.72739,-1.0726135253906222,0.1,-1,1.6099999999999994,164.57
2018-12-05 21:00:00,71.19,69.46,68.76327,-2.426732482910154,0.1,-1,1.730000000000004,166.3
2018-12-05 22:00:00,69.46,67.19,66.85759,-2.6024102783203062,0.1,-1,2.269999999999996,168.57
2018-12-05 23:00:00,67.19,61.05,65.92576,-1.2642416381835915,0.1,-1,6.140000000000001,174.70999999999998
2018-12-06 00:00:00,61.05,57.22,59.91338,-1.136620330810544,0.1,-1,3.8299999999999983,178.53999999999996
2018-12-06 01:00:00,57.22,53.47,57.235905,0.015904693603516762,0.1,0,-0.0,178.53999999999996
2018-12-06 02:00:00,53.47,53.2,53.922035,0.4520352172851574,0.1,1,-0.269999999999996,178.26999999999998
2018-12-06 03:00:00,53.2,53.15,54.879208,1.6792076110839815,0.1,1,-0.05000000000000426,178.21999999999997
2018-12-06 04:00:00,53.15,53.4,55.98583,2.8358283996582045,0.1,1,0.25,178.46999999999997
2018-12-06 05:00:00,53.4,58.53,59.534992,6.1349922180175795,0.1,1,5.130000000000003,183.59999999999997
2018-12-06 06:00:00,58.53,67.74,65.35926,6.82926055908203,0.1,1,9.209999999999994,192.80999999999995
2018-12-06 07:00:00,67.74,67.75,70.699585,2.959584960937505,0.1,1,0.010000000000005116,192.81999999999994
2018-12-06 08:00:00,67.75,69.0,68.933205,1.1832046508789062,0.1,1,1.25,194.06999999999994
2018-12-06 09:00:00,69.0,70.23,70.50786,1.5078582763671875,0.1,1,1.230000000000004,195.29999999999995
2018-12-06 10:00:00,70.23,70.34,71.521866,1.2918658447265585,0.1,1,0.10999999999999943,195.40999999999997
2018-12-06 11:00:00,70.34,69.63,70.76009,0.42009368896484034,0.1,1,-0.710000000000008,194.69999999999996
2018-12-06 12:00:00,69.63,68.93,69.522224,-0.1077755737304642,0.1,-1,0.6999999999999886,195.39999999999995
2018-12-06 13:00:00,68.93,68.19,68.50119,-0.4288098144531318,0.1,-1,0.7400000000000091,196.13999999999996
2018-12-06 14:00:00,68.19,64.99,68.36229,0.17228942871093977,0.1,1,-3.200000000000003,192.93999999999994
2018-12-06 15:00:00,64.99,66.45,64.79344,-0.19655822753905738,0.1,-1,-1.460000000000008,191.47999999999993
2018-12-06 16:00:00,66.45,71.53,69.938034,3.4880340576171847,0.1,1,5.079999999999998,196.55999999999995
2018-12-06 17:00:00,71.53,73.61,74.04965,2.519652099609374,0.1,1,2.0799999999999983,198.63999999999993
2018-12-06 18:00:00,73.61,71.89,74.5207,0.9106985473632818,0.1,1,-1.7199999999999989,196.91999999999993
2018-12-06 19:00:00,71.89,70.54,70.6597,-1.2303015136718756,0.1,-1,1.3499999999999943,198.26999999999992
2018-12-06 20:00:00,70.54,69.98,68.82085,-1.7191534423828188,0.1,-1,0.5600000000000023,198.82999999999993
2018-12-06 21:00:00,69.98,68.75,67.63269,-2.347309570312504,0.1,-1,1.230000000000004,200.05999999999995
2018-12-06 22:00:00,68.75,67.7,65.32733,-3.42266845703125,0.1,-1,1.0499999999999972,201.10999999999996
2018-12-06 23:00:00,67.7,68.13,67.12132,-0.5786773681640653,0.1,-1,-0.4299999999999926,200.67999999999995
2018-12-07 00:00:00,68.13,66.46,67.5926,-0.5374020385742142,0.1,-1,1.6700000000000017,202.34999999999997
2018-12-07 01:00:00,66.46,60.18,64.80002,-1.6599816894531187,0.1,-1,6.279999999999994,208.62999999999997
2018-12-07 02:00:00,60.18,57.95,59.52781,-0.6521908569335935,0.1,-1,2.229999999999997,210.85999999999996
2018-12-07 03:00:00,57.95,55.85,57.782574,-0.16742630004883097,0.1,-1,2.1000000000000014,212.95999999999995
2018-12-07 04:00:00,55.85,57.51,56.451725,0.6017250061035142,0.1,1,1.6599999999999966,214.61999999999995
2018-12-07 05:00:00,57.51,64.15,62.58869,5.078691711425783,0.1,1,6.640000000000008,221.25999999999996
2018-12-07 06:00:00,64.15,67.74,70.13478,5.984780883789057,0.1,1,3.589999999999989,224.84999999999997
2018-12-07 07:00:00,67.74,70.9,71.7889,4.048902282714849,0.1,1,3.160000000000011,228.01
2018-12-07 08:00:00,70.9,68.94,73.05994,2.1599365234374943,0.1,1,-1.960000000000008,226.04999999999998
2018-12-07 09:00:00,68.94,70.23,69.09585,0.15584808349609602,0.1,1,1.2900000000000063,227.33999999999997
2018-12-07 10:00:00,70.23,70.02,72.53044,2.3004412841796835,0.1,1,-0.21000000000000796,227.12999999999997
2018-12-07 11:00:00,70.02,69.17,71.24766,1.2276577758789102,0.1,1,-0.8499999999999943,226.27999999999997
2018-12-07 12:00:00,69.17,68.58,70.12235,0.9523526000976545,0.1,1,-0.5900000000000034,225.68999999999997
2018-12-07 13:00:00,68.58,67.72,69.56704,0.9870394897460955,0.1,1,-0.8599999999999994,224.82999999999998
2018-12-07 14:00:00,67.72,65.88,68.52016,0.8001568603515636,0.1,1,-1.8400000000000034,222.98999999999998
2018-12-07 15:00:00,65.88,65.43,67.869736,1.989735717773442,0.1,1,-0.44999999999998863,222.54
2018-12-07 16:00:00,65.43,68.53,68.59516,3.1651614379882744,0.1,1,3.0999999999999943,225.64
2018-12-07 17:00:00,68.53,71.94,73.185135,4.655134887695311,0.1,1,3.4099999999999966,229.04999999999998
2018-12-07 18:00:00,71.94,71.83,72.64922,0.709223327636721,0.1,1,-0.10999999999999943,228.94
2018-12-07 19:00:00,71.83,72.12,71.53567,-0.29433258056640454,0.1,-1,-0.29000000000000625,228.64999999999998
2018-12-07 20:00:00,72.12,70.35,72.325905,0.2059048461914017,0.1,1,-1.7700000000000102,226.87999999999997
2018-12-07 21:00:00,70.35,69.0,69.662575,-0.6874252319335881,0.1,-1,1.3499999999999943,228.22999999999996
2018-12-07 22:00:00,69.0,67.09,68.403564,-0.596435546875,0.1,-1,1.9099999999999966,230.13999999999996
2018-12-07 23:00:00,67.09,58.41,68.78078,1.690776977539059,0.1,1,-8.680000000000007,221.45999999999995
2018-12-08 00:00:00,58.41,54.95,61.01845,2.6084516906738315,0.1,1,-3.4599999999999937,217.99999999999994
2018-12-08 01:00:00,54.95,52.97,55.390697,0.44069747924804403,0.1,1,-1.980000000000004,216.01999999999992
2018-12-08 02:00:00,52.97,52.91,54.430187,1.460187225341798,0.1,1,-0.060000000000002274,215.95999999999992
2018-12-08 03:00:00,52.91,52.56,55.5706,2.6605986022949253,0.1,1,-0.3499999999999943,215.60999999999993
2018-12-08 04:00:00,52.56,53.05,55.075226,2.5152258300781227,0.1,1,0.4899999999999949,216.0999999999999
2018-12-08 05:00:00,53.05,53.01,57.816963,4.766963195800784,0.1,1,-0.03999999999999915,216.05999999999992
2018-12-08 06:00:00,53.01,54.94,57.998158,4.988157501220705,0.1,1,1.9299999999999997,217.98999999999992
2018-12-08 07:00:00,54.94,63.69,62.04665,7.10664993286133,0.1,1,8.75,226.73999999999992
2018-12-08 08:00:00,63.69,67.81,67.3318,3.6418023681640648,0.1,1,4.1200000000000045,230.85999999999993
2018-12-08 09:00:00,67.81,67.82,68.073715,0.2637152099609352,0.1,1,0.009999999999990905,230.86999999999992
2018-12-08 10:00:00,67.82,67.93,68.216194,0.39619415283203807,0.1,1,0.11000000000001364,230.97999999999993
2018-12-08 11:00:00,67.93,67.99,68.41404,0.48403961181639943,0.1,1,0.05999999999998806,231.0399999999999
2018-12-08 12:00:00,67.99,68.75,67.98051,-0.009493103027338634,0.1,0,0.0,231.0399999999999
2018-12-08 13:00:00,68.75,68.56,67.98907,-0.7609329223632812,0.1,-1,0.18999999999999773,231.2299999999999
2018-12-08 14:00:00,68.56,67.93,66.399994,-2.1600061035156273,0.1,-1,0.6299999999999955,231.8599999999999
2018-12-08 15:00:00,67.93,67.85,65.31602,-2.6139828491211006,0.1,-1,0.0800000000000125,231.9399999999999
2018-12-08 16:00:00,67.85,68.11,66.021385,-1.8286148071289006,0.1,-1,-0.2600000000000051,231.6799999999999
2018-12-08 17:00:00,68.11,71.59,67.75316,-0.35684143066406193,0.1,-1,-3.480000000000004,228.19999999999987
2018-12-08 18:00:00,71.59,72.32,71.08165,-0.5083502197265659,0.1,-1,-0.7299999999999898,227.46999999999989
2018-12-08 19:00:00,72.32,72.96,71.65112,-0.6688769531249932,0.1,-1,-0.6400000000000006,226.82999999999987
2018-12-08 20:00:00,72.96,73.11,72.46295,-0.49704833984374375,0.1,-1,-0.15000000000000568,226.67999999999986
2018-12-08 21:00:00,73.11,71.36,72.83555,-0.2744515991210932,0.1,-1,1.75,228.42999999999986
2018-12-08 22:00:00,71.36,68.97,69.70871,-1.6512902832031244,0.1,-1,2.3900000000000006,230.81999999999988
2018-12-08 23:00:00,68.97,68.03,67.76279,-1.2072131347656239,0.1,-1,0.9399999999999977,231.75999999999988
2018-12-09 00:00:00,68.03,63.22,67.1775,-0.8525021362304699,0.1,-1,4.810000000000002,236.56999999999988
2018-12-09 01:00:00,63.22,58.46,62.780045,-0.43995544433593636,0.1,-1,4.759999999999998,241.32999999999987
2018-12-09 02:00:00,58.46,56.27,57.903713,-0.5562867736816415,0.1,-1,2.1899999999999977,243.51999999999987
2018-12-09 03:00:00,56.27,55.45,56.37742,0.10741851806640312,0.1,1,-0.8200000000000003,242.69999999999987
2018-12-09 04:00:00,55.45,55.33,55.95757,0.5075691223144503,0.1,1,-0.12000000000000455,242.57999999999987
2018-12-09 05:00:00,55.33,55.64,57.62418,2.2941798400878923,0.1,1,0.3100000000000023,242.88999999999987
2018-12-09 06:00:00,55.64,55.02,59.269634,3.6296342468261713,0.1,1,-0.6199999999999974,242.26999999999987
2018-12-09 07:00:00,55.02,56.61,57.296318,2.2763180541992156,0.1,1,1.5899999999999963,243.85999999999987
2018-12-09 08:00:00,56.61,61.65,61.308735,4.698734893798829,0.1,1,5.039999999999999,248.89999999999986
2018-12-09 09:00:00,61.65,67.08,65.56105,3.911050415039064,0.1,1,5.43,254.32999999999987
2018-12-09 10:00:00,67.08,67.34,69.039955,1.959955139160158,0.1,1,0.2600000000000051,254.58999999999986
2018-12-09 11:00:00,67.34,67.33,68.53467,1.1946679687499966,0.1,1,-0.010000000000005116,254.57999999999987
2018-12-09 12:00:00,67.33,69.27,69.23138,1.9013766479492205,0.1,1,1.9399999999999977,256.51999999999987
2018-12-09 13:00:00,69.27,69.21,71.763306,2.493305664062504,0.1,1,-0.060000000000002274,256.45999999999987
2018-12-09 14:00:00,69.21,65.23,69.79827,0.588271179199225,0.1,1,-3.9799999999999898,252.47999999999988
2018-12-09 15:00:00,65.23,64.22,65.77797,0.5479693603515585,0.1,1,-1.0100000000000051,251.46999999999986
2018-12-09 16:00:00,64.22,69.24,65.98008,1.7600796508789074,0.1,1,5.019999999999996,256.48999999999984
2018-12-09 17:00:00,69.24,71.22,73.58178,4.341779479980474,0.1,1,1.980000000000004,258.46999999999986
2018-12-09 18:00:00,71.22,70.08,74.80875,3.588746337890626,0.1,1,-1.1400000000000006,257.32999999999987
2018-12-09 19:00:00,70.08,71.55,71.76447,1.684472961425783,0.1,1,1.4699999999999989,258.79999999999984
2018-12-09 20:00:00,71.55,71.83,74.93171,3.381709289550784,0.1,1,0.28000000000000114,259.0799999999998
2018-12-09 21:00:00,71.83,69.86,73.742355,1.9123553466796892,0.1,1,-1.9699999999999989,257.1099999999998
2018-12-09 22:00:00,69.86,67.87,69.82808,-0.03192077636718693,0.1,0,-0.0,257.1099999999998
2018-12-09 23:00:00,67.87,66.08,64.180824,-3.6891757202148483,0.1,-1,1.7900000000000063,258.8999999999998
2018-12-10 00:00:00,66.08,59.51,61.895172,-4.184827880859373,0.1,-1,6.57,265.4699999999998
2018-12-10 01:00:00,59.51,55.86,57.658985,-1.8510148620605449,0.1,-1,3.6499999999999986,269.1199999999998
2018-12-10 02:00:00,55.86,55.12,55.0559,-0.8040994262695307,0.1,-1,0.740000000000002,269.8599999999998
2018-12-10 03:00:00,55.12,53.81,55.01698,-0.10302078247070057,0.1,-1,1.3099999999999952,271.1699999999998
2018-12-10 04:00:00,53.81,54.25,54.185284,0.3752836608886696,0.1,1,0.4399999999999977,271.6099999999998
2018-12-10 05:00:00,54.25,58.69,57.25092,3.0009193420410156,0.1,1,4.439999999999998,276.0499999999998
2018-12-10 06:00:00,58.69,67.06,66.061295,7.371294555664065,0.1,1,8.370000000000005,284.4199999999998
2018-12-10 07:00:00,67.06,71.03,71.25756,4.1975607299804665,0.1,1,3.969999999999999,288.38999999999976
2018-12-10 08:00:00,71.03,70.72,73.30344,2.273436279296874,0.1,1,-0.3100000000000023,288.07999999999976
2018-12-10 09:00:00,70.72,71.1,72.22082,1.5008175659179699,0.1,1,0.37999999999999545,288.45999999999975
2018-12-10 10:00:00,71.1,70.65,72.05606,0.9560607910156307,0.1,1,-0.44999999999998863,288.00999999999976
2018-12-10 11:00:00,70.65,70.86,70.0366,-0.6134017944335994,0.1,-1,-0.20999999999999375,287.7999999999998
2018-12-10 12:00:00,70.86,69.99,69.65191,-1.2080911254882807,0.1,-1,0.8700000000000045,288.6699999999998
2018-12-10 13:00:00,69.99,69.28,68.15377,-1.8362295532226511,0.1,-1,0.7099999999999937,289.37999999999977
2018-12-10 14:00:00,69.28,69.27,67.664474,-1.6155255126953136,0.1,-1,0.010000000000005116,289.38999999999976
2018-12-10 15:00:00,69.27,69.76,67.94038,-1.3296237182617148,0.1,-1,-0.4900000000000091,288.89999999999975
2018-12-10 16:00:00,69.76,73.48,72.75212,2.9921209716796824,0.1,1,3.719999999999999,292.6199999999998
2018-12-10 17:00:00,73.48,77.65,76.12248,2.6424822998046835,0.1,1,4.170000000000002,296.7899999999998
2018-12-10 18:00:00,77.65,76.23,77.70432,0.054322814941400566,0.1,0,-0.0,296.7899999999998
2018-12-10 19:00:00,76.23,75.54,76.12525,-0.10474822998047273,0.1,-1,0.6899999999999977,297.4799999999998
2018-12-10 20:00:00,75.54,74.16,75.13133,-0.40866760253906875,0.1,-1,1.3800000000000097,298.8599999999998
2018-12-10 21:00:00,74.16,71.91,73.01994,-1.140056762695309,0.1,-1,2.25,301.1099999999998
2018-12-10 22:00:00,71.91,69.53,68.90289,-3.0071069335937466,0.1,-1,2.3799999999999955,303.4899999999998
2018-12-10 23:00:00,69.53,68.77,65.709175,-3.82082489013672,0.1,-1,0.7600000000000051,304.2499999999998
2018-12-11 00:00:00,68.77,64.42,64.35974,-4.410258789062496,0.1,-1,4.349999999999994,308.5999999999998
2018-12-11 01:00:00,64.42,62.07,60.694893,-3.7251071166992205,0.1,-1,2.3500000000000014,310.9499999999998
2018-12-11 02:00:00,62.07,59.53,59.734463,-2.335537261962891,0.1,-1,2.539999999999999,313.48999999999984
2018-12-11 03:00:00,59.53,59.68,58.275295,-1.2547047424316418,0.1,-1,-0.14999999999999858,313.33999999999986
2018-12-11 04:00:00,59.68,59.74,61.03099,1.3509906005859378,0.1,1,0.060000000000002274,313.39999999999986
2018-12-11 05:00:00,59.74,63.86,63.895527,4.155526885986326,0.1,1,4.119999999999997,317.51999999999987
2018-12-11 06:00:00,63.86,70.55,71.47247,7.612473144531251,0.1,1,6.689999999999998,324.20999999999987
2018-12-11 07:00:00,70.55,75.29,74.65821,4.108210754394534,0.1,1,4.740000000000009,328.9499999999999
2018-12-11 08:00:00,75.29,75.5,76.72495,1.4349526977539,0.1,1,0.20999999999999375,329.15999999999985
2018-12-11 09:00:00,75.5,75.12,75.22899,-0.2710113525390625,0.1,-1,0.37999999999999545,329.53999999999985
2018-12-11 10:00:00,75.12,73.3,74.95777,-0.1622286987304733,0.1,-1,1.8200000000000074,331.35999999999984
2018-12-11 11:00:00,73.3,71.07,73.21756,-0.08244018554687216,0.1,0,-0.0,331.35999999999984
2018-12-11 12:00:00,71.07,70.17,70.82241,-0.24758941650389943,0.1,-1,0.8999999999999915,332.2599999999998
2018-12-11 13:00:00,70.17,70.99,70.98417,0.8141690063476545,0.1,1,0.8199999999999932,333.0799999999998
2018-12-11 14:00:00,70.99,72.74,73.56726,2.577260742187505,0.1,1,1.75,334.8299999999998
2018-12-11 15:00:00,72.74,72.99,74.7125,1.9725015258789114,0.1,1,0.25,335.0799999999998
2018-12-11 16:00:00,72.99,74.78,76.38525,3.395246276855474,0.1,1,1.7900000000000063,336.86999999999983
2018-12-11 17:00:00,74.78,78.11,80.44421,5.664206237792968,0.1,1,3.3299999999999983,340.1999999999998
2018-12-11 18:00:00,78.11,78.38,82.02617,3.916168823242188,0.1,1,0.269999999999996,340.4699999999998
2018-12-11 19:00:00,78.38,75.88,77.134476,-1.245524291992183,0.1,-1,2.5,342.9699999999998
2018-12-11 20:00:00,75.88,73.48,74.63475,-1.245249633789058,0.1,-1,2.3999999999999915,345.3699999999998
2018-12-11 21:00:00,73.48,69.62,72.13995,-1.340046386718754,0.1,-1,3.8599999999999994,349.2299999999998
2018-12-11 22:00:00,69.62,68.36,67.17994,-2.4400607299804733,0.1,-1,1.2600000000000051,350.4899999999998
2018-12-11 23:00:00,68.36,66.1,68.37739,0.01738800048828182,0.1,0,-0.0,350.4899999999998
2018-12-12 00:00:00,66.1,59.84,65.008255,-1.0917449951171818,0.1,-1,6.259999999999991,356.7499999999998
2018-12-12 01:00:00,59.84,57.45,60.936977,1.096977386474606,0.1,1,-2.3900000000000006,354.3599999999998
2018-12-12 02:00:00,57.45,54.62,57.838215,0.3882148742675753,0.1,1,-2.8300000000000054,351.5299999999998
2018-12-12 03:00:00,54.62,55.02,55.571453,0.9514530944824244,0.1,1,0.4000000000000057,351.92999999999984
2018-12-12 04:00:00,55.02,56.93,59.586617,4.566616516113278,0.1,1,1.9099999999999966,353.8399999999998
2018-12-12 05:00:00,56.93,69.83,64.25378,7.323776550292969,0.1,1,12.899999999999999,366.7399999999998
2018-12-12 06:00:00,69.83,71.56,74.09846,4.268457336425783,0.1,1,1.730000000000004,368.4699999999998
2018-12-12 07:00:00,71.56,76.08,74.61062,3.0506185913085915,0.1,1,4.519999999999996,372.9899999999998
2018-12-12 08:00:00,76.08,76.39,77.05568,0.9756793212890642,0.1,1,0.3100000000000023,373.2999999999998
2018-12-12 09:00:00,76.39,77.29,76.47898,0.08898101806640568,0.1,0,0.0,373.2999999999998
2018-12-12 10:00:00,77.29,77.26,76.67591,-0.614089050292975,0.1,-1,0.030000000000001137,373.3299999999998
2018-12-12 11:00:00,77.26,75.9,76.12902,-1.1309793090820364,0.1,-1,1.3599999999999994,374.6899999999998
2018-12-12 12:00:00,75.9,74.82,74.99435,-0.9056533813476619,0.1,-1,1.0800000000000125,375.76999999999987
2018-12-12 13:00:00,74.82,73.95,74.46354,-0.35646087646483693,0.1,-1,0.8699999999999903,376.6399999999999
2018-12-12 14:00:00,73.95,73.85,74.17672,0.2267196655273409,0.1,1,-0.10000000000000853,376.53999999999985
2018-12-12 15:00:00,73.85,73.7,74.49235,0.6423477172851619,0.1,1,-0.14999999999999147,376.3899999999999
2018-12-12 16:00:00,73.7,74.65,75.085976,1.3859756469726534,0.1,1,0.9500000000000028,377.33999999999986
2018-12-12 17:00:00,74.65,77.02,77.208916,2.558915710449213,0.1,1,2.3699999999999903,379.70999999999987
2018-12-12 18:00:00,77.02,75.75,77.21145,0.19144866943359773,0.1,1,-1.269999999999996,378.4399999999999
2018-12-12 19:00:00,75.75,75.51,74.797195,-0.9528045654296875,0.1,-1,0.23999999999999488,378.6799999999999
2018-12-12 20:00:00,75.51,72.29,73.62311,-1.8868920898437551,0.1,-1,3.219999999999999,381.89999999999986
2018-12-12 21:00:00,72.29,68.3,69.78468,-2.5053167724609438,0.1,-1,3.990000000000009,385.8899999999999
2018-12-12 22:00:00,68.3,62.48,65.16804,-3.131962585449216,0.1,-1,5.82,391.70999999999987
2018-12-12 23:00:00,62.48,58.17,61.298588,-1.1814122009277312,0.1,-1,4.309999999999995,396.01999999999987
2018-12-13 00:00:00,58.17,55.19,57.287872,-0.8821276855468767,0.1,-1,2.980000000000004,398.9999999999999
2018-12-13 01:00:00,55.19,52.11,54.475433,-0.7145666503906227,0.1,-1,3.0799999999999983,402.07999999999987
2018-12-13 02:00:00,52.11,51.24,51.938835,-0.17116485595703068,0.1,-1,0.8699999999999974,402.9499999999999
2018-12-13 03:00:00,51.24,50.73,52.497234,1.2572343444824199,0.1,1,-0.5100000000000051,402.4399999999999
2018-12-13 04:00:00,50.73,51.02,52.79325,2.0632510375976594,0.1,1,0.29000000000000625,402.7299999999999
2018-12-13 05:00:00,51.02,55.6,56.217754,5.197754364013669,0.1,1,4.579999999999998,407.3099999999999
2018-12-13 06:00:00,55.6,65.51,64.40165,8.801649475097655,0.1,1,9.910000000000004,417.2199999999999
2018-12-13 07:00:00,65.51,72.21,70.743904,5.233904113769526,0.1,1,6.699999999999989,423.9199999999999
2018-12-13 08:00:00,72.21,73.02,74.44812,2.2381201171875063,0.1,1,0.8100000000000023,424.7299999999999
2018-12-13 09:00:00,73.02,74.32,74.766495,1.7464947509765665,0.1,1,1.2999999999999972,426.0299999999999
2018-12-13 10:00:00,74.32,73.57,74.75782,0.43782012939453807,0.1,1,-0.75,425.2799999999999
2018-12-13 11:00:00,73.57,73.64,73.33318,-0.23681671142577443,0.1,-1,-0.07000000000000739,425.2099999999999
2018-12-13 12:00:00,73.64,71.53,73.34635,-0.2936483764648443,0.1,-1,2.1099999999999994,427.31999999999994
2018-12-13 13:00:00,71.53,69.59,69.69487,-1.8351300048828136,0.1,-1,1.9399999999999977,429.25999999999993
2018-12-13 14:00:00,69.59,66.78,67.94468,-1.6453207397460972,0.1,-1,2.8100000000000023,432.06999999999994
2018-12-13 15:00:00,66.78,65.61,66.3162,-0.4637997436523449,0.1,-1,1.1700000000000017,433.23999999999995
2018-12-13 16:00:00,65.61,68.23,67.20457,1.5945669555664068,0.1,1,2.6200000000000045,435.85999999999996
2018-12-13 17:00:00,68.23,73.77,72.856026,4.626025695800777,0.1,1,5.539999999999992,441.4
2018-12-13 18:00:00,73.77,74.46,73.82632,0.05631683349609773,0.1,0,0.0,441.4
2018-12-13 19:00:00,74.46,75.01,73.87033,-0.5896691894531187,0.1,-1,-0.5500000000000114,440.84999999999997
2018-12-13 20:00:00,75.01,73.3,73.46555,-1.5444467163085989,0.1,-1,1.710000000000008,442.55999999999995
2018-12-13 21:00:00,73.3,70.83,70.57113,-2.7288711547851534,0.1,-1,2.469999999999999,445.03
2018-12-13 22:00:00,70.83,64.79,66.4603,-4.369703369140623,0.1,-1,6.039999999999992,451.06999999999994
2018-12-13 23:00:00,64.79,56.12,59.878292,-4.911707916259772,0.1,-1,8.670000000000009,459.73999999999995
2018-12-14 00:00:00,56.12,55.0,55.19933,-0.9206706237792943,0.1,-1,1.1199999999999974,460.85999999999996
2018-12-14 01:00:00,55.0,53.26,54.83158,-0.16841888427734375,0.1,-1,1.740000000000002,462.59999999999997
2018-12-14 02:00:00,53.26,52.8,53.577057,0.317056884765627,0.1,1,-0.46000000000000085,462.14
2018-12-14 03:00:00,52.8,52.98,53.851177,1.0511772155761747,0.1,1,0.17999999999999972,462.32
2018-12-14 04:00:00,52.98,54.55,55.499187,2.519187469482425,0.1,1,1.5700000000000003,463.89
2018-12-14 05:00:00,54.55,57.02,60.26125,5.711249542236331,0.1,1,2.470000000000006,466.36
2018-12-14 06:00:00,57.02,67.84,64.88756,7.867557983398434,0.1,1,10.82,477.18
2018-12-14 07:00:00,67.84,72.68,72.4411,4.601101074218747,0.1,1,4.840000000000003,482.02
2018-12-14 08:00:00,72.68,73.18,74.32075,1.6407473754882744,0.1,1,0.5,482.52
2018-12-14 09:00:00,73.18,74.71,74.146706,0.9667056274413994,0.1,1,1.529999999999987,484.04999999999995
2018-12-14 10:00:00,74.71,74.16,74.542465,-0.16753479003905625,0.1,-1,0.5499999999999972,484.59999999999997
2018-12-14 11:00:00,74.16,72.28,72.882324,-1.2776757812499966,0.1,-1,1.8799999999999955,486.47999999999996
2018-12-14 12:00:00,72.28,69.85,70.79418,-1.4858181762695324,0.1,-1,2.430000000000007,488.90999999999997
2018-12-14 13:00:00,69.85,67.86,68.842125,-1.0078750610351506,0.1,-1,1.9899999999999949,490.9
2018-12-14 14:00:00,67.86,67.5,66.908325,-0.9516748046874994,0.1,-1,0.35999999999999943,491.26
2018-12-14 15:00:00,67.5,69.22,68.50019,1.0001907348632812,0.1,1,1.7199999999999989,492.98
2018-12-14 16:00:00,69.22,72.51,73.07102,3.8510220336914074,0.1,1,3.2900000000000063,496.27000000000004
2018-12-14 17:00:00,72.51,76.14,74.74698,2.23697875976562,0.1,1,3.6299999999999955,499.90000000000003
2018-12-14 18:00:00,76.14,76.53,76.335526,0.19552551269531193,0.1,1,0.39000000000000057,500.29
2018-12-14 19:00:00,76.53,76.21,75.58264,-0.9473583984375011,0.1,-1,0.3200000000000074,500.61
2018-12-14 20:00:00,76.21,74.4,74.43811,-1.7718896484374937,0.1,-1,1.809999999999988,502.42
2018-12-14 21:00:00,74.4,72.72,72.62907,-1.7709335327148494,0.1,-1,1.6800000000000068,504.1
2018-12-14 22:00:00,72.72,70.86,70.84788,-1.8721224975585926,0.1,-1,1.8599999999999994,505.96000000000004
2018-12-14 23:00:00,70.86,69.13,69.306335,-1.5536645507812494,0.1,-1,1.730000000000004,507.69000000000005
2018-12-15 00:00:00,69.13,64.12,66.71399,-2.4160107421874955,0.1,-1,5.009999999999991,512.7
2018-12-15 01:00:00,64.12,61.15,63.18017,-0.9398318481445358,0.1,-1,2.970000000000006,515.6700000000001
2018-12-15 02:00:00,61.15,56.67,59.270924,-1.8790763854980455,0.1,-1,4.479999999999997,520.1500000000001
2018-12-15 03:00:00,56.67,55.21,55.975838,-0.6941622924804705,0.1,-1,1.4600000000000009,521.6100000000001
2018-12-15 04:00:00,55.21,54.69,55.259693,0.04969314575195227,0.1,0,-0.0,521.6100000000001
2018-12-15 05:00:00,54.69,56.0,55.88501,1.1950097656250023,0.1,1,1.3100000000000023,522.9200000000001
2018-12-15 06:00:00,56.0,60.27,62.42197,6.421970367431641,0.1,1,4.270000000000003,527.19
2018-12-15 07:00:00,60.27,61.86,66.57403,6.304028015136716,0.1,1,1.5899999999999963,528.7800000000001
2018-12-15 08:00:00,61.86,68.37,67.37911,5.519112243652344,0.1,1,6.510000000000005,535.2900000000001
2018-12-15 09:00:00,68.37,69.92,72.22551,3.855509643554683,0.1,1,1.5499999999999972,536.84
2018-12-15 10:00:00,69.92,69.36,72.23727,2.317266540527342,0.1,1,-0.5600000000000023,536.28
2018-12-15 11:00:00,69.36,68.54,69.443405,0.08340515136718807,0.1,0,-0.0,536.28
2018-12-15 12:00:00,68.54,67.99,68.814865,0.27486511230468125,0.1,1,-0.5500000000000114,535.73
2018-12-15 13:00:00,67.99,63.58,66.54525,-1.4447500610351511,0.1,-1,4.409999999999997,540.14
2018-12-15 14:00:00,63.58,63.56,63.90633,0.32633010864257983,0.1,1,-0.01999999999999602,540.12
2018-12-15 15:00:00,63.56,63.85,65.21652,1.6565222167968727,0.1,1,0.28999999999999915,540.41
2018-12-15 16:00:00,63.85,67.74,66.71084,2.8608383178710923,0.1,1,3.8899999999999935,544.3
2018-12-15 17:00:00,67.74,72.48,72.56796,4.82796264648438,0.1,1,4.740000000000009,549.04
2018-12-15 18:00:00,72.48,72.84,74.18894,1.7089419555664023,0.1,1,0.35999999999999943,549.4
2018-12-15 19:00:00,72.84,66.61,71.3883,-1.4517019653320347,0.1,-1,6.230000000000004,555.63
2018-12-15 20:00:00,66.61,65.37,65.585236,-1.0247644042968744,0.1,-1,1.2399999999999949,556.87
2018-12-15 21:00:00,65.37,65.76,65.93966,0.5696591186523392,0.1,1,0.39000000000000057,557.26
2018-12-15 22:00:00,65.76,64.76,66.47201,0.7120077514648386,0.1,1,-1.0,556.26
2018-12-15 23:00:00,64.76,59.68,63.59216,-1.1678407287597707,0.1,-1,5.080000000000005,561.34
2018-12-16 00:00:00,59.68,56.25,58.466846,-1.2131535339355466,0.1,-1,3.4299999999999997,564.77
2018-12-16 01:00:00,56.25,53.88,55.517216,-0.7327842712402344,0.1,-1,2.3699999999999974,567.14
2018-12-16 02:00:00,53.88,51.5,53.251198,-0.6288021850585963,0.1,-1,2.3800000000000026,569.52
2018-12-16 03:00:00,51.5,49.72,52.01313,0.5131301879882812,0.1,1,-1.7800000000000011,567.74
2018-12-16 04:00:00,49.72,51.97,51.147175,1.4271748352050793,0.1,1,2.25,569.99
2018-12-16 05:00:00,51.97,53.64,56.625324,4.655324249267579,0.1,1,1.6700000000000017,571.66
2018-12-16 06:00:00,53.64,55.48,58.216736,4.576735839843749,0.1,1,1.8399999999999963,573.5
2018-12-16 07:00:00,55.48,56.52,59.911083,4.43108322143555,0.1,1,1.0400000000000063,574.54
2018-12-16 08:00:00,56.52,62.46,62.65286,6.132858734130856,0.1,1,5.939999999999998,580.48
2018-12-16 09:00:00,62.46,63.38,66.07688,3.6168814086914054,0.1,1,0.9200000000000017,581.4
2018-12-16 10:00:00,63.38,63.62,65.29844,1.9184390258789037,0.1,1,0.23999999999999488,581.64
2018-12-16 11:00:00,63.62,62.72,64.20838,0.5883816528320338,0.1,1,-0.8999999999999986,580.74
2018-12-16 12:00:00,62.72,62.71,63.992496,1.2724964904785168,0.1,1,-0.00999999999999801,580.73
2018-12-16 13:00:00,62.71,63.1,63.86327,1.1532698059082023,0.1,1,0.39000000000000057,581.12
2018-12-16 14:00:00,63.1,59.78,62.273735,-0.8262649536132827,0.1,-1,3.3200000000000003,584.44
2018-12-16 15:00:00,59.78,62.4,62.261795,2.4817950439453114,0.1,1,2.6199999999999974,587.0600000000001
2018-12-16 16:00:00,62.4,66.72,66.89708,4.497079467773439,0.1,1,4.32,591.3800000000001
2018-12-16 17:00:00,66.72,72.8,71.8468,5.126801757812501,0.1,1,6.079999999999998,597.4600000000002
2018-12-16 18:00:00,72.8,73.34,74.08535,1.2853500366210966,0.1,1,0.5400000000000063,598.0000000000001
2018-12-16 19:00:00,73.34,73.65,73.64459,0.3045922851562466,0.1,1,0.3100000000000023,598.3100000000002
2018-12-16 20:00:00,73.65,69.89,71.68688,-1.963117980957037,0.1,-1,3.760000000000005,602.0700000000002
2018-12-16 21:00:00,69.89,70.68,68.5986,-1.2913977050781256,0.1,-1,-0.7900000000000063,601.2800000000002
2018-12-16 22:00:00,70.68,62.52,67.5913,-3.088699035644538,0.1,-1,8.160000000000004,609.4400000000002
2018-12-16 23:00:00,62.52,56.16,59.196774,-3.3232264709472688,0.1,-1,6.3600000000000065,615.8000000000002
2018-12-17 00:00:00,56.16,54.87,55.28062,-0.8793794250488247,0.1,-1,1.2899999999999991,617.0900000000001
2018-12-17 01:00:00,54.87,53.21,55.23652,0.3665188598632838,0.1,1,-1.6599999999999966,615.4300000000002
2018-12-17 02:00:00,53.21,52.25,53.754795,0.5447950744628898,0.1,1,-0.9600000000000009,614.4700000000001
2018-12-17 03:00:00,52.25,53.03,53.61825,1.3682518005371094,0.1,1,0.7800000000000011,615.2500000000001
2018-12-17 04:00:00,53.03,55.59,56.962822,3.9328219604492176,0.1,1,2.5600000000000023,617.8100000000002
2018-12-17 05:00:00,55.59,68.21,61.59589,6.005890045166012,0.1,1,12.61999999999999,630.4300000000002
2018-12-17 06:00:00,68.21,72.25,72.52485,4.3148489379882875,0.1,1,4.040000000000006,634.4700000000001
2018-12-17 07:00:00,72.25,74.48,74.02907,1.7790679931640625,0.1,1,2.230000000000004,636.7000000000002
2018-12-17 08:00:00,74.48,75.12,74.91536,0.4353594970703085,0.1,1,0.6400000000000006,637.3400000000001
2018-12-17 09:00:00,75.12,76.39,75.51668,0.39667785644530795,0.1,1,1.269999999999996,638.6100000000001
2018-12-17 10:00:00,76.39,76.96,76.28463,-0.10537017822265682,0.1,-1,-0.5699999999999932,638.0400000000002
2018-12-17 11:00:00,76.96,76.94,76.13943,-0.8205728149414,0.1,-1,0.01999999999999602,638.0600000000002
2018-12-17 12:00:00,76.94,75.38,75.558014,-1.3819860839843727,0.1,-1,1.5600000000000023,639.6200000000001
2018-12-17 13:00:00,75.38,74.61,74.32405,-1.055949096679683,0.1,-1,0.769999999999996,640.3900000000001
2018-12-17 14:00:00,74.61,74.29,74.10496,-0.5050424194335932,0.1,-1,0.3199999999999932,640.71
2018-12-17 15:00:00,74.29,74.23,73.86633,-0.42366699218750625,0.1,-1,0.060000000000002274,640.77
2018-12-17 16:00:00,74.23,75.43,74.342926,0.11292602539062102,0.1,1,1.2000000000000028,641.97
2018-12-17 17:00:00,75.43,78.44,77.6396,2.2096026611328057,0.1,1,3.009999999999991,644.98
2018-12-17 18:00:00,78.44,78.65,78.29696,-0.14304107666015398,0.1,-1,-0.21000000000000796,644.77
2018-12-17 19:00:00,78.65,78.69,77.25469,-1.395307922363287,0.1,-1,-0.03999999999999204,644.73
2018-12-17 20:00:00,78.69,74.58,75.63313,-3.0568670654296852,0.1,-1,4.109999999999999,648.84
2018-12-17 21:00:00,74.58,69.78,71.748,-2.831998901367186,0.1,-1,4.799999999999997,653.64
2018-12-17 22:00:00,69.78,64.05,66.60585,-3.1741497802734386,0.1,-1,5.730000000000004,659.37
2018-12-17 23:00:00,64.05,56.6,60.78254,-3.267460632324216,0.1,-1,7.449999999999996,666.82
2018-12-18 00:00:00,56.6,54.5,56.11861,-0.4813896179199233,0.1,-1,2.1000000000000014,668.9200000000001
2018-12-18 01:00:00,54.5,53.18,55.336002,0.8360023498535156,0.1,1,-1.3200000000000003,667.6
2018-12-18 02:00:00,53.18,52.23,54.61875,1.4387515258789065,0.1,1,-0.9500000000000028,666.65
2018-12-18 03:00:00,52.23,52.17,54.361282,2.1312823486328156,0.1,1,-0.05999999999999517,666.59
2018-12-18 04:00:00,52.17,54.81,56.269253,4.099252777099608,0.1,1,2.6400000000000006,669.23
2018-12-18 05:00:00,54.81,62.61,63.254246,8.444245758056638,0.1,1,7.799999999999997,677.03
2018-12-18 06:00:00,62.61,69.22,70.94984,8.339836730957032,0.1,1,6.609999999999999,683.64
2018-12-18 07:00:00,69.22,72.94,74.006065,4.786065368652345,0.1,1,3.719999999999999,687.36
2018-12-18 08:00:00,72.94,72.95,75.497246,2.557245788574221,0.1,1,0.010000000000005116,687.37
2018-12-18 09:00:00,72.95,74.07,74.31856,1.3685577392578097,0.1,1,1.1199999999999903,688.49
2018-12-18 10:00:00,74.07,72.61,74.8015,0.7314984130859443,0.1,1,-1.4599999999999937,687.03
2018-12-18 11:00:00,72.61,72.62,72.0087,-0.6013024902343744,0.1,-1,-0.010000000000005116,687.02
2018-12-18 12:00:00,72.62,71.45,72.71284,0.0928372192382767,0.1,0,-0.0,687.02
2018-12-18 13:00:00,71.45,71.38,70.84578,-0.6042205810546903,0.1,-1,0.07000000000000739,687.09
2018-12-18 14:00:00,71.38,71.47,72.00808,0.6280795288085983,0.1,1,0.09000000000000341,687.1800000000001
2018-12-18 15:00:00,71.47,71.22,72.52595,1.0559475708007824,0.1,1,-0.25,686.9300000000001
2018-12-18 16:00:00,71.22,72.67,72.77005,1.5500500488281261,0.1,1,1.4500000000000028,688.3800000000001
2018-12-18 17:00:00,72.67,75.08,75.29753,2.627531127929686,0.1,1,2.4099999999999966,690.7900000000001
2018-12-18 18:00:00,75.08,75.54,76.31652,1.2365206909179705,0.1,1,0.46000000000000796,691.2500000000001
2018-12-18 19:00:00,75.54,73.76,74.85774,-0.6822576904296938,0.1,-1,1.7800000000000011,693.0300000000001
2018-12-18 20:00:00,73.76,72.58,72.00843,-1.7515695190429739,0.1,-1,1.1800000000000068,694.21
2018-12-18 21:00:00,72.58,68.99,70.05864,-2.521360473632811,0.1,-1,3.5900000000000034,697.8000000000001
2018-12-18 22:00:00,68.99,63.87,66.075645,-2.914354553222651,0.1,-1,5.119999999999997,702.9200000000001
2018-12-18 23:00:00,63.87,58.04,60.96583,-2.9041682434082006,0.1,-1,5.829999999999998,708.7500000000001
2018-12-19 00:00:00,58.04,54.04,56.223873,-1.8161268615722648,0.1,-1,4.0,712.7500000000001
2018-12-19 01:00:00,54.04,51.32,53.04991,-0.9900885009765616,0.1,-1,2.719999999999999,715.4700000000001
2018-12-19 02:00:00,51.32,50.28,51.962963,0.6429631042480466,0.1,1,-1.0399999999999991,714.4300000000002
2018-12-19 03:00:00,50.28,49.25,51.688236,1.4082362365722645,0.1,1,-1.0300000000000011,713.4000000000002
2018-12-19 04:00:00,49.25,51.64,51.323338,2.0733375549316406,0.1,1,2.3900000000000006,715.7900000000002
2018-12-19 05:00:00,51.64,55.95,60.671036,9.031035766601562,0.1,1,4.310000000000002,720.1000000000001
2018-12-19 06:00:00,55.95,66.93,65.749374,9.799374389648435,0.1,1,10.980000000000004,731.0800000000002
2018-12-19 07:00:00,66.93,70.7,72.00425,5.074249572753899,0.1,1,3.769999999999996,734.8500000000001
2018-12-19 08:00:00,70.7,72.19,73.750854,3.050854492187497,0.1,1,1.4899999999999949,736.3400000000001
2018-12-19 09:00:00,72.19,71.85,73.71969,1.529688415527346,0.1,1,-0.3400000000000034,736.0000000000001
2018-12-19 10:00:00,71.85,71.66,71.77041,-0.07959136962890057,0.1,0,-0.0,736.0000000000001
2018-12-19 11:00:00,71.66,71.56,71.490425,-0.16957489013671534,0.1,-1,0.09999999999999432,736.1000000000001
2018-12-19 12:00:00,71.56,69.99,71.19594,-0.3640618896484398,0.1,-1,1.5700000000000074,737.6700000000002
2018-12-19 13:00:00,69.99,69.51,69.58185,-0.4081518554687449,0.1,-1,0.47999999999998977,738.1500000000002
2018-12-19 14:00:00,69.51,69.97,70.02789,0.5178930664062449,0.1,1,0.45999999999999375,738.6100000000002
2018-12-19 15:00:00,69.97,70.01,71.679955,1.7099545288085949,0.1,1,0.04000000000000625,738.6500000000002
2018-12-19 16:00:00,70.01,72.32,72.51872,2.5087225341796824,0.1,1,2.309999999999988,740.9600000000002
2018-12-19 17:00:00,72.32,78.99,75.54476,3.2247616577148506,0.1,1,6.670000000000002,747.6300000000001
2018-12-19 18:00:00,78.99,78.44,78.460556,-0.5294439697265574,0.1,-1,0.5499999999999972,748.1800000000001
2018-12-19 19:00:00,78.44,76.31,75.46403,-2.9759725952148415,0.1,-1,2.1299999999999955,750.3100000000001
2018-12-19 20:00:00,76.31,71.04,72.30981,-4.0001931762695335,0.1,-1,5.269999999999996,755.58
2018-12-19 21:00:00,71.04,68.26,68.935005,-2.104994812011725,0.1,-1,2.780000000000001,758.36
2018-12-19 22:00:00,68.26,65.03,66.24385,-2.0161492919921926,0.1,-1,3.230000000000004,761.59
2018-12-19 23:00:00,65.03,66.69,65.40303,0.37303039550781136,0.1,1,1.6599999999999966,763.25
2018-12-20 00:00:00,66.69,60.65,65.9169,-0.7730993652343727,0.1,-1,6.039999999999999,769.29
2018-12-20 01:00:00,60.65,57.29,58.984886,-1.6651138305664048,0.1,-1,3.3599999999999994,772.65
2018-12-20 02:00:00,57.29,57.0,56.739326,-0.5506735229492179,0.1,-1,0.28999999999999915,772.9399999999999
2018-12-20 03:00:00,57.0,56.74,57.65295,0.6529502868652344,0.1,1,-0.259999999999998,772.68
2018-12-20 04:00:00,56.74,57.79,58.22811,1.4881112670898418,0.1,1,1.0499999999999972,773.7299999999999
2018-12-20 05:00:00,57.79,64.07,62.573456,4.783455810546876,0.1,1,6.279999999999994,780.0099999999999
2018-12-20 06:00:00,64.07,69.11,70.32237,6.252372436523444,0.1,1,5.040000000000006,785.0499999999998
2018-12-20 07:00:00,69.11,73.56,73.15387,4.043869628906251,0.1,1,4.450000000000003,789.4999999999999
2018-12-20 08:00:00,73.56,73.69,75.30561,1.745610656738279,0.1,1,0.12999999999999545,789.6299999999999
2018-12-20 09:00:00,73.69,73.59,74.43965,0.7496514892578148,0.1,1,-0.09999999999999432,789.5299999999999
2018-12-20 10:00:00,73.59,73.08,73.91126,0.32126251220702784,0.1,1,-0.5100000000000051,789.0199999999999
2018-12-20 11:00:00,73.08,71.89,73.21564,0.1356372070312517,0.1,1,-1.1899999999999977,787.8299999999999
2018-12-20 12:00:00,71.89,70.69,71.28929,-0.6007086181640631,0.1,-1,1.2000000000000028,789.03
2018-12-20 13:00:00,70.69,70.13,70.51655,-0.17345184326171648,0.1,-1,0.5600000000000023,789.5899999999999
2018-12-20 14:00:00,70.13,70.16,70.287224,0.1572238159179733,0.1,1,0.030000000000001137,789.6199999999999
2018-12-20 15:00:00,70.16,70.23,71.327644,1.1676443481445347,0.1,1,0.07000000000000739,789.6899999999999
2018-12-20 16:00:00,70.23,73.35,72.13706,1.9070620727539023,0.1,1,3.1199999999999903,792.81
2018-12-20 17:00:00,73.35,76.17,76.78974,3.439741516113287,0.1,1,2.8200000000000074,795.63
2018-12-20 18:00:00,76.17,75.18,77.07235,0.902349548339842,0.1,1,-0.9899999999999949,794.64
2018-12-20 19:00:00,75.18,75.29,74.47369,-0.7063137817382881,0.1,-1,-0.10999999999999943,794.53
2018-12-20 20:00:00,75.29,73.63,73.97619,-1.3138113403320375,0.1,-1,1.6600000000000108,796.1899999999999
2018-12-20 21:00:00,73.63,70.33,71.72494,-1.9050625610351517,0.1,-1,3.299999999999997,799.4899999999999
2018-12-20 22:00:00,70.33,68.55,68.84868,-1.4813214111328108,0.1,-1,1.7800000000000011,801.2699999999999
2018-12-20 23:00:00,68.55,64.24,66.89518,-1.654820251464841,0.1,-1,4.310000000000002,805.5799999999999
2018-12-21 00:00:00,64.24,58.44,61.682808,-2.5571920776367136,0.1,-1,5.799999999999997,811.3799999999999
2018-12-21 01:00:00,58.44,56.47,57.7468,-0.6932005310058571,0.1,-1,1.9699999999999989,813.3499999999999
2018-12-21 02:00:00,56.47,54.91,56.061707,-0.40829345703124886,0.1,-1,1.5600000000000023,814.9099999999999
2018-12-21 03:00:00,54.91,54.68,55.18318,0.2731817626953159,0.1,1,-0.22999999999999687,814.6799999999998
2018-12-21 04:00:00,54.68,55.13,56.24371,1.5637095642089847,0.1,1,0.45000000000000284,815.1299999999999
2018-12-21 05:00:00,55.13,59.24,60.337276,5.207276458740232,0.1,1,4.109999999999999,819.2399999999999
2018-12-21 06:00:00,59.24,67.29,66.521355,7.281354675292967,0.1,1,8.050000000000004,827.2899999999998
2018-12-21 07:00:00,67.29,70.02,71.583855,4.2938546752929625,0.1,1,2.7299999999999898,830.0199999999999
2018-12-21 08:00:00,70.02,69.74,72.67267,2.652668457031254,0.1,1,-0.28000000000000114,829.7399999999999
2018-12-21 09:00:00,69.74,70.77,70.80601,1.0660073852539114,0.1,1,1.0300000000000011,830.7699999999999
2018-12-21 10:00:00,70.77,70.63,71.52736,0.7573590087890665,0.1,1,-0.14000000000000057,830.6299999999999
2018-12-21 11:00:00,70.63,69.72,70.25506,-0.3749417114257767,0.1,-1,0.9099999999999966,831.5399999999998
2018-12-21 12:00:00,69.72,68.74,69.42153,-0.2984683227539051,0.1,-1,0.980000000000004,832.5199999999999
2018-12-21 13:00:00,68.74,66.36,67.69408,-1.0459234619140574,0.1,-1,2.3799999999999955,834.8999999999999
2018-12-21 14:00:00,66.36,66.4,66.22426,-0.13574157714843693,0.1,-1,-0.04000000000000625,834.8599999999999
2018-12-21 15:00:00,66.4,66.57,67.08597,0.6859680175781193,0.1,1,0.1699999999999875,835.0299999999999
2018-12-21 16:00:00,66.57,70.01,70.095146,3.5251461791992256,0.1,1,3.440000000000012,838.4699999999999
2018-12-21 17:00:00,70.01,72.91,74.20199,4.191988220214839,0.1,1,2.8999999999999915,841.3699999999999
2018-12-21 18:00:00,72.91,73.33,73.54248,0.6324804687500034,0.1,1,0.4200000000000017,841.7899999999998
2018-12-21 19:00:00,73.33,73.75,73.60654,0.2765368652343767,0.1,1,0.4200000000000017,842.2099999999998
2018-12-21 20:00:00,73.75,71.38,72.84756,-0.9024429321289062,0.1,-1,2.3700000000000045,844.5799999999998
2018-12-21 21:00:00,71.38,69.31,69.66705,-1.7129467773437455,0.1,-1,2.069999999999993,846.6499999999999
2018-12-21 22:00:00,69.31,68.18,67.99588,-1.3141198730468773,0.1,-1,1.1299999999999955,847.7799999999999
2018-12-21 23:00:00,68.18,67.3,67.90448,-0.2755200195312568,0.1,-1,0.8800000000000097,848.6599999999999
2018-12-22 00:00:00,67.3,62.44,65.23497,-2.0650299072265597,0.1,-1,4.859999999999999,853.5199999999999
2018-12-22 01:00:00,62.44,59.4,60.737507,-1.7024931335449196,0.1,-1,3.039999999999999,856.5599999999998
2018-12-22 02:00:00,59.4,59.24,59.2784,-0.12159957885742045,0.1,-1,0.1599999999999966,856.7199999999998
2018-12-22 03:00:00,59.24,59.06,60.41569,1.1756913757324199,0.1,1,-0.17999999999999972,856.5399999999998
2018-12-22 04:00:00,59.06,59.11,60.303234,1.2432341003417946,0.1,1,0.04999999999999716,856.5899999999998
2018-12-22 05:00:00,59.11,59.82,61.26054,2.1505400085449224,0.1,1,0.7100000000000009,857.2999999999998
2018-12-22 06:00:00,59.82,63.31,63.881752,4.061752014160156,0.1,1,3.490000000000002,860.7899999999998
2018-12-22 07:00:00,63.31,62.98,66.81884,3.5088400268554665,0.1,1,-0.3300000000000054,860.4599999999998
2018-12-22 08:00:00,62.98,67.45,66.55985,3.5798526000976594,0.1,1,4.470000000000006,864.9299999999998
2018-12-22 09:00:00,67.45,68.7,71.20465,3.754650878906247,0.1,1,1.25,866.1799999999998
2018-12-22 10:00:00,68.7,68.59,71.10407,2.4040725708007784,0.1,1,-0.10999999999999943,866.0699999999998
2018-12-22 11:00:00,68.59,68.88,69.73864,1.1486398315429653,0.1,1,0.28999999999999204,866.3599999999998
2018-12-22 12:00:00,68.88,69.05,70.27925,1.399251098632817,0.1,1,0.1700000000000017,866.5299999999997
2018-12-22 13:00:00,69.05,69.08,69.364334,0.31433410644531534,0.1,1,0.030000000000001137,866.5599999999997
2018-12-22 14:00:00,69.08,69.11,69.24322,0.16321746826172046,0.1,1,0.030000000000001137,866.5899999999997
2018-12-22 15:00:00,69.11,68.95,69.49404,0.3840414428710943,0.1,1,-0.1599999999999966,866.4299999999997
2018-12-22 16:00:00,68.95,70.76,70.55949,1.6094863891601534,0.1,1,1.8100000000000023,868.2399999999998
2018-12-22 17:00:00,70.76,73.16,74.36952,3.6095220947265574,0.1,1,2.3999999999999915,870.6399999999998
2018-12-22 18:00:00,73.16,72.99,74.85496,1.6949575805664097,0.1,1,-0.1700000000000017,870.4699999999998
2018-12-22 19:00:00,72.99,72.92,73.511955,0.5219552612304739,0.1,1,-0.06999999999999318,870.3999999999999
2018-12-22 20:00:00,72.92,72.87,72.70355,-0.2164477539062517,0.1,-1,0.04999999999999716,870.4499999999998
2018-12-22 21:00:00,72.87,71.09,72.39127,-0.4787265014648483,0.1,-1,1.7800000000000011,872.2299999999998
2018-12-22 22:00:00,71.09,70.74,70.004,-1.0860021972656284,0.1,-1,0.3500000000000085,872.5799999999998
2018-12-22 23:00:00,70.74,70.56,70.67533,-0.06466888427733863,0.1,0,-0.0,872.5799999999998
2018-12-23 00:00:00,70.56,67.95,68.9625,-1.597498474121096,0.1,-1,2.6099999999999994,875.1899999999998
2018-12-23 01:00:00,67.95,63.24,65.17049,-2.7795135498046903,0.1,-1,4.710000000000001,879.8999999999999
2018-12-23 02:00:00,63.24,60.56,61.17913,-2.0608694458007832,0.1,-1,2.6799999999999997,882.5799999999998
2018-12-23 03:00:00,60.56,60.4,59.57134,-0.9886613464355491,0.1,-1,0.1600000000000037,882.7399999999998
2018-12-23 04:00:00,60.4,59.77,61.002678,0.6026779174804702,0.1,1,-0.6299999999999955,882.1099999999998
2018-12-23 05:00:00,59.77,60.61,60.6488,0.8787998962402312,0.1,1,0.8399999999999963,882.9499999999998
2018-12-23 06:00:00,60.61,62.84,63.724422,3.114422454833985,0.1,1,2.230000000000004,885.1799999999998
2018-12-23 07:00:00,62.84,63.6,65.482956,2.642955932617184,0.1,1,0.759999999999998,885.9399999999998
2018-12-23 08:00:00,63.6,68.11,65.89699,2.296987915039061,0.1,1,4.509999999999998,890.4499999999998
2018-12-23 09:00:00,68.11,68.93,69.98286,1.8728567504882818,0.1,1,0.8200000000000074,891.2699999999999
2018-12-23 10:00:00,68.93,68.89,70.200836,1.2708361816406182,0.1,1,-0.04000000000000625,891.2299999999999
2018-12-23 11:00:00,68.89,69.63,68.93518,0.04518066406249943,0.1,0,0.0,891.2299999999999
2018-12-23 12:00:00,69.63,70.41,70.95333,1.3233309936523483,0.1,1,0.7800000000000011,892.0099999999999
2018-12-23 13:00:00,70.41,70.64,71.23344,0.8234365844726597,0.1,1,0.23000000000000398,892.2399999999999
2018-12-23 14:00:00,70.64,69.49,70.5724,-0.06759704589843807,0.1,0,-0.0,892.2399999999999
2018-12-23 15:00:00,69.49,69.1,69.233376,-0.25662445068358863,0.1,-1,0.39000000000000057,892.6299999999999
2018-12-23 16:00:00,69.1,70.05,69.797844,0.6978439331054744,0.1,1,0.9500000000000028,893.5799999999999
2018-12-23 17:00:00,70.05,73.18,73.60343,3.553431701660159,0.1,1,3.1300000000000097,896.7099999999999
2018-12-23 18:00:00,73.18,73.06,74.3876,1.2076037597656182,0.1,1,-0.12000000000000455,896.5899999999999
2018-12-23 19:00:00,73.06,73.32,73.4648,0.4047979736328102,0.1,1,0.2599999999999909,896.8499999999999
2018-12-23 20:00:00,73.32,74.07,74.00816,0.6881634521484443,0.1,1,0.75,897.5999999999999
2018-12-23 21:00:00,74.07,71.43,74.41813,0.34812896728516307,0.1,1,-2.6399999999999864,894.9599999999999
2018-12-23 22:00:00,71.43,69.51,69.8917,-1.5382992553711006,0.1,-1,1.9200000000000017,896.8799999999999
2018-12-23 23:00:00,69.51,71.23,68.85963,-0.6503732299804739,0.1,-1,-1.7199999999999989,895.1599999999999
2018-12-24 00:00:00,71.23,68.66,70.37306,-0.8569378662109415,0.1,-1,2.5700000000000074,897.7299999999999
2018-12-24 01:00:00,68.66,64.95,66.26148,-2.3985177612304653,0.1,-1,3.7099999999999937,901.4399999999999
2018-12-24 02:00:00,64.95,60.82,62.877094,-2.0729057312011747,0.1,-1,4.130000000000003,905.5699999999999
2018-12-24 03:00:00,60.82,60.59,60.26412,-0.5558818054199222,0.1,-1,0.22999999999999687,905.8
2018-12-24 04:00:00,60.59,59.86,61.274734,0.6847344970703091,0.1,1,-0.730000000000004,905.0699999999999
2018-12-24 05:00:00,59.86,64.46,63.126118,3.2661177062988287,0.1,1,4.599999999999994,909.67
2018-12-24 06:00:00,64.46,65.93,69.27575,4.815749206542975,0.1,1,1.470000000000013,911.14
2018-12-24 07:00:00,65.93,71.85,70.9706,5.040596313476556,0.1,1,5.9199999999999875,917.06
2018-12-24 08:00:00,71.85,72.6,74.302986,2.452986145019537,0.1,1,0.75,917.81
2018-12-24 09:00:00,72.6,73.42,74.462944,1.8629440307617244,0.1,1,0.8200000000000074,918.63
2018-12-24 10:00:00,73.42,73.45,74.50269,1.0826931762695295,0.1,1,0.030000000000001137,918.66
2018-12-24 11:00:00,73.45,73.38,73.64384,0.1938369750976534,0.1,1,-0.07000000000000739,918.5899999999999
2018-12-24 12:00:00,73.38,72.3,73.571815,0.1918154907226608,0.1,1,-1.0799999999999983,917.5099999999999
2018-12-24 13:00:00,72.3,71.16,71.83733,-0.4626663208007784,0.1,-1,1.1400000000000006,918.6499999999999
2018-12-24 14:00:00,71.16,69.63,71.24839,0.08839019775390966,0.1,0,-0.0,918.6499999999999
2018-12-24 15:00:00,69.63,69.06,70.65796,1.0279589843750045,0.1,1,-0.5699999999999932,918.0799999999999
2018-12-24 16:00:00,69.06,74.26,71.26102,2.2010168457031227,0.1,1,5.200000000000003,923.28
2018-12-24 17:00:00,74.26,76.47,77.4888,3.22880004882812,0.1,1,2.2099999999999937,925.49
2018-12-24 18:00:00,76.47,75.3,77.22874,0.7587368774414074,0.1,1,-1.1700000000000017,924.32
2018-12-24 19:00:00,75.3,74.95,75.04007,-0.25993041992187216,0.1,-1,0.3499999999999943,924.6700000000001
2018-12-24 20:00:00,74.95,73.16,74.13372,-0.8162796020507841,0.1,-1,1.7900000000000063,926.46
2018-12-24 21:00:00,73.16,70.39,71.74974,-1.410259399414059,0.1,-1,2.769999999999996,929.23
2018-12-24 22:00:00,70.39,70.2,69.50146,-0.8885427856445318,0.1,-1,0.18999999999999773,929.4200000000001
2018-12-24 23:00:00,70.2,71.98,71.02557,0.8255737304687472,0.1,1,1.7800000000000011,931.2
2018-12-25 00:00:00,71.98,70.24,72.47615,0.4961505126953085,0.1,1,-1.740000000000009,929.46
2018-12-25 01:00:00,70.24,66.35,67.4075,-2.83249877929687,0.1,-1,3.8900000000000006,933.35
2018-12-25 02:00:00,66.35,62.1,63.141846,-3.2081542968749943,0.1,-1,4.249999999999993,937.6
2018-12-25 03:00:00,62.1,61.22,60.87286,-1.227140045166017,0.1,-1,0.8800000000000026,938.48
2018-12-25 04:00:00,61.22,61.65,61.47267,0.25267150878906364,0.1,1,0.4299999999999997,938.91
2018-12-25 05:00:00,61.65,61.28,64.64866,2.9986587524414077,0.1,1,-0.36999999999999744,938.54
2018-12-25 06:00:00,61.28,61.67,65.08184,3.8018405151367176,0.1,1,0.39000000000000057,938.93
2018-12-25 07:00:00,61.67,62.55,67.05258,5.382581787109373,0.1,1,0.8799999999999955,939.81
2018-12-25 08:00:00,62.55,66.8,68.09339,5.543391418457034,0.1,1,4.25,944.06
2018-12-25 09:00:00,66.8,69.04,72.280235,5.480235290527347,0.1,1,2.240000000000009,946.3
2018-12-25 10:00:00,69.04,71.02,72.528915,3.4889154052734312,0.1,1,1.9799999999999898,948.28
2018-12-25 11:00:00,71.02,71.62,73.54476,2.5247616577148477,0.1,1,0.6000000000000085,948.88
2018-12-25 12:00:00,71.62,72.41,72.824,1.2039974975585892,0.1,1,0.789999999999992,949.67
2018-12-25 13:00:00,72.41,71.73,73.63239,1.2223928833007847,0.1,1,-0.6799999999999926,948.99
2018-12-25 14:00:00,71.73,68.79,71.30055,-0.4294476318359415,0.1,-1,2.9399999999999977,951.9300000000001
2018-12-25 15:00:00,68.79,68.53,69.78978,0.9997796630859312,0.1,1,-0.2600000000000051,951.6700000000001
2018-12-25 16:00:00,68.53,69.18,71.01742,2.4874179077148426,0.1,1,0.6500000000000057,952.32
2018-12-25 17:00:00,69.18,71.73,74.4932,5.313202209472649,0.1,1,2.549999999999997,954.87
2018-12-25 18:00:00,71.73,71.94,74.349945,2.619945068359371,0.1,1,0.20999999999999375,955.08
2018-12-25 19:00:00,71.94,73.05,73.66027,1.720270690917971,0.1,1,1.1099999999999994,956.19
2018-12-25 20:00:00,73.05,73.94,74.821236,1.771235656738284,0.1,1,0.8900000000000006,957.08
2018-12-25 21:00:00,73.94,71.98,73.9361,-0.0039038085937477263,0.1,0,-0.0,957.08
2018-12-25 22:00:00,71.98,69.12,70.44039,-1.5396084594726602,0.1,-1,2.8599999999999994,959.94
2018-12-25 23:00:00,69.12,65.64,67.1409,-1.9791003417968795,0.1,-1,3.480000000000004,963.4200000000001
2018-12-26 00:00:00,65.64,59.61,63.319473,-2.320526733398438,0.1,-1,6.030000000000001,969.45
2018-12-26 01:00:00,59.61,56.2,58.881733,-0.7282670593261713,0.1,-1,3.4099999999999966,972.86
2018-12-26 02:00:00,56.2,54.74,56.257236,0.05723648071288778,0.1,0,-0.0,972.86
2018-12-26 03:00:00,54.74,54.58,56.32375,1.5837495422363261,0.1,1,-0.1600000000000037,972.7
2018-12-26 04:00:00,54.58,56.09,57.656372,3.0763720703125017,0.1,1,1.5100000000000051,974.21
2018-12-26 05:00:00,56.09,59.52,61.60311,5.51311126708984,0.1,1,3.4299999999999997,977.64
2018-12-26 06:00:00,59.52,64.66,66.145546,6.625545959472653,0.1,1,5.1399999999999935,982.78
2018-12-26 07:00:00,64.66,69.88,70.765396,6.105396118164066,0.1,1,5.219999999999999,988.0
2018-12-26 08:00:00,69.88,72.01,72.80992,2.929921264648442,0.1,1,2.1300000000000097,990.13
2018-12-26 09:00:00,72.01,73.11,73.535805,1.5258047485351511,0.1,1,1.0999999999999943,991.23
2018-12-26 10:00:00,73.11,73.08,73.6006,0.49060119628906307,0.1,1,-0.030000000000001137,991.2
2018-12-26 11:00:00,73.08,73.36,72.899025,-0.18097503662109204,0.1,-1,-0.28000000000000114,990.9200000000001
2018-12-26 12:00:00,73.36,72.47,73.28016,-0.07984100341796818,0.1,0,-0.0,990.9200000000001
2018-12-26 13:00:00,72.47,72.44,71.6923,-0.7777011108398426,0.1,-1,0.030000000000001137,990.95
2018-12-26 14:00:00,72.44,71.92,72.3986,-0.041402282714841476,0.1,0,-0.0,990.95
2018-12-26 15:00:00,71.92,72.24,71.524765,-0.3952349853515642,0.1,-1,-0.3199999999999932,990.6300000000001
2018-12-26 16:00:00,72.24,74.15,73.60307,1.3630731201171926,0.1,1,1.9100000000000108,992.5400000000001
2018-12-26 17:00:00,74.15,78.5,77.09439,2.9443908691406193,0.1,1,4.349999999999994,996.8900000000001
2018-12-26 18:00:00,78.5,78.09,77.92294,-0.577056884765625,0.1,-1,0.4099999999999966,997.3000000000001
2018-12-26 19:00:00,78.09,77.62,76.09159,-1.9984091186523472,0.1,-1,0.46999999999999886,997.7700000000001
2018-12-26 20:00:00,77.62,75.29,75.5381,-2.081898803710942,0.1,-1,2.3299999999999983,1000.1000000000001
2018-12-26 21:00:00,75.29,72.95,74.133316,-1.1566839599609438,0.1,-1,2.3400000000000034,1002.4400000000002
2018-12-26 22:00:00,72.95,72.18,71.49505,-1.454951477050784,0.1,-1,0.769999999999996,1003.2100000000002
2018-12-26 23:00:00,72.18,72.61,71.46493,-0.7150723266601631,0.1,-1,-0.4299999999999926,1002.7800000000002
2018-12-27 00:00:00,72.61,70.82,71.838936,-0.7710641479492182,0.1,-1,1.7900000000000063,1004.5700000000002
2018-12-27 01:00:00,70.82,67.18,68.742035,-2.077965087890618,0.1,-1,3.6399999999999864,1008.2100000000002
2018-12-27 02:00:00,67.18,64.09,65.787476,-1.3925244140625068,0.1,-1,3.0900000000000034,1011.3000000000002
2018-12-27 03:00:00,64.09,63.2,64.28172,0.1917230224609341,0.1,1,-0.8900000000000006,1010.4100000000002
2018-12-27 04:00:00,63.2,65.87,64.547844,1.347843933105466,0.1,1,2.6700000000000017,1013.0800000000002
2018-12-27 05:00:00,65.87,69.31,69.13601,3.266009216308589,0.1,1,3.4399999999999977,1016.5200000000002
2018-12-27 06:00:00,69.31,71.02,72.95073,3.6407293701171852,0.1,1,1.7099999999999937,1018.2300000000002
2018-12-27 07:00:00,71.02,73.2,74.119804,3.0998043823242227,0.1,1,2.180000000000007,1020.4100000000003
2018-12-27 08:00:00,73.2,73.91,75.30299,2.1029937744140597,0.1,1,0.7099999999999937,1021.1200000000003
2018-12-27 09:00:00,73.91,74.98,75.38022,1.4702185058593784,0.1,1,1.0700000000000074,1022.1900000000004
2018-12-27 10:00:00,74.98,74.85,75.80132,0.8213229370117148,0.1,1,-0.13000000000000966,1022.0600000000004
2018-12-27 11:00:00,74.85,74.64,74.61815,-0.23185119628905682,0.1,-1,0.20999999999999375,1022.2700000000004
2018-12-27 12:00:00,74.64,73.28,74.6924,0.05239807128906193,0.1,0,-0.0,1022.2700000000004
2018-12-27 13:00:00,73.28,73.29,73.43985,0.15984985351562386,0.1,1,0.010000000000005116,1022.2800000000004
2018-12-27 14:00:00,73.29,73.3,73.85534,0.5653390502929625,0.1,1,0.009999999999990905,1022.2900000000004
2018-12-27 15:00:00,73.3,74.6,74.589005,1.2890045166015653,0.1,1,1.2999999999999972,1023.5900000000004
2018-12-27 16:00:00,74.6,77.94,76.84528,2.245283508300787,0.1,1,3.3400000000000034,1026.9300000000003
2018-12-27 17:00:00,77.94,81.12,79.81603,1.876032409667971,0.1,1,3.180000000000007,1030.1100000000004
2018-12-27 18:00:00,81.12,80.1,80.06603,-1.0539675903320358,0.1,-1,1.0200000000000102,1031.1300000000003
2018-12-27 19:00:00,80.1,78.99,77.11117,-2.9888320922851506,0.1,-1,1.1099999999999994,1032.2400000000002
2018-12-27 20:00:00,78.99,77.65,75.8343,-3.1557028198242136,0.1,-1,1.3399999999999892,1033.5800000000002
2018-12-27 21:00:00,77.65,73.28,74.84242,-2.807577514648443,0.1,-1,4.3700000000000045,1037.9500000000003
2018-12-27 22:00:00,73.28,73.48,72.544235,-0.7357647705078136,0.1,-1,-0.20000000000000284,1037.7500000000002
2018-12-27 23:00:00,73.48,70.93,73.4557,-0.02429626464844148,0.1,0,-0.0,1037.7500000000002
2018-12-28 00:00:00,70.93,68.61,69.722946,-1.2070538330078193,0.1,-1,2.3200000000000074,1040.0700000000002
2018-12-28 01:00:00,68.61,64.19,66.93638,-1.6736215209960932,0.1,-1,4.420000000000002,1044.4900000000002
2018-12-28 02:00:00,64.19,62.53,64.07631,-0.11369079589843523,0.1,-1,1.6599999999999966,1046.1500000000003
2018-12-28 03:00:00,62.53,59.78,62.136147,-0.3938534545898449,0.1,-1,2.75,1048.9000000000003
2018-12-28 04:00:00,59.78,59.82,61.48164,1.7016398620605457,0.1,1,0.03999999999999915,1048.9400000000003
2018-12-28 05:00:00,59.82,64.27,64.23036,4.410361938476562,0.1,1,4.449999999999996,1053.3900000000003
2018-12-28 06:00:00,64.27,66.81,69.43032,5.160320739746098,0.1,1,2.5400000000000063,1055.9300000000003
2018-12-28 07:00:00,66.81,71.38,71.87111,5.06110900878906,0.1,1,4.569999999999993,1060.5000000000002
2018-12-28 08:00:00,71.38,72.98,74.172874,2.7928744506835983,0.1,1,1.6000000000000085,1062.1000000000001
2018-12-28 09:00:00,72.98,74.33,74.97343,1.9934268188476523,0.1,1,1.3499999999999943,1063.45
2018-12-28 10:00:00,74.33,72.85,74.81703,0.4870318603515642,0.1,1,-1.480000000000004,1061.97
2018-12-28 11:00:00,72.85,72.78,72.79253,-0.057473754882806816,0.1,0,-0.0,1061.97
2018-12-28 12:00:00,72.78,70.44,72.82223,0.04222747802734261,0.1,0,-0.0,1061.97
2018-12-28 13:00:00,70.44,70.67,70.00735,-0.432652893066404,0.1,-1,-0.23000000000000398,1061.74
2018-12-28 14:00:00,70.67,68.98,71.08363,0.4136334228515608,0.1,1,-1.6899999999999977,1060.05
2018-12-28 15:00:00,68.98,71.57,70.82986,1.8498568725585898,0.1,1,2.589999999999989,1062.6399999999999
2018-12-28 16:00:00,71.57,74.27,75.17183,3.6018292236328193,0.1,1,2.700000000000003,1065.34
2018-12-28 17:00:00,74.27,78.26,77.414856,3.144855957031254,0.1,1,3.990000000000009,1069.33
2018-12-28 18:00:00,78.26,77.1,78.501625,0.24162506103515113,0.1,1,-1.1600000000000108,1068.1699999999998
2018-12-28 19:00:00,77.1,73.6,74.93352,-2.166482543945307,0.1,-1,3.5,1071.6699999999998
2018-12-28 20:00:00,73.6,69.21,71.492485,-2.1075149536132756,0.1,-1,4.390000000000001,1076.06
2018-12-28 21:00:00,69.21,67.53,68.15734,-1.052658996582025,0.1,-1,1.6799999999999926,1077.74
2018-12-28 22:00:00,67.53,64.08,67.19809,-0.33191040039062614,0.1,-1,3.450000000000003,1081.19
2018-12-28 23:00:00,64.08,65.49,65.79165,1.7116488647460955,0.1,1,1.4099999999999966,1082.6000000000001
2018-12-29 00:00:00,65.49,60.22,66.16952,0.6795175170898489,0.1,1,-5.269999999999996,1077.3300000000002
2018-12-29 01:00:00,60.22,55.76,59.301823,-0.9181773376464832,0.1,-1,4.460000000000001,1081.7900000000002
2018-12-29 02:00:00,55.76,54.93,55.659798,-0.10020233154296676,0.1,-1,0.8299999999999983,1082.6200000000001
2018-12-29 03:00:00,54.93,54.17,56.30081,1.3708117675781253,0.1,1,-0.759999999999998,1081.8600000000001
2018-12-29 04:00:00,54.17,54.15,55.8201,1.6500988769531233,0.1,1,-0.020000000000003126,1081.8400000000001
2018-12-29 05:00:00,54.15,54.39,56.968964,2.8189636230468764,0.1,1,0.240000000000002,1082.0800000000002
2018-12-29 06:00:00,54.39,55.5,59.535133,5.145133361816406,0.1,1,1.1099999999999994,1083.19
2018-12-29 07:00:00,55.5,58.78,61.962234,6.4622344970703125,0.1,1,3.280000000000001,1086.47
2018-12-29 08:00:00,58.78,65.46,66.17373,7.393728942871093,0.1,1,6.679999999999993,1093.15
2018-12-29 09:00:00,65.46,66.87,69.81155,4.3515463256836,0.1,1,1.4100000000000108,1094.5600000000002
2018-12-29 10:00:00,66.87,65.13,69.10559,2.2355908203124955,0.1,1,-1.740000000000009,1092.8200000000002
2018-12-29 11:00:00,65.13,64.47,65.977554,0.847554321289067,0.1,1,-0.6599999999999966,1092.16
2018-12-29 12:00:00,64.47,63.24,65.31295,0.8429501342773449,0.1,1,-1.2299999999999969,1090.93
2018-12-29 13:00:00,63.24,60.89,63.24431,0.0043084716796855105,0.1,0,-0.0,1090.93
2018-12-29 14:00:00,60.89,58.75,61.462727,0.5727265930175776,0.1,1,-2.1400000000000006,1088.79
2018-12-29 15:00:00,58.75,59.16,62.71438,3.9643783569335938,0.1,1,0.4099999999999966,1089.2
2018-12-29 16:00:00,59.16,64.19,66.412346,7.252345886230472,0.1,1,5.030000000000001,1094.23
2018-12-29 17:00:00,64.19,70.49,71.82974,7.639742431640627,0.1,1,6.299999999999997,1100.53
2018-12-29 18:00:00,70.49,71.01,73.734314,3.244313964843755,0.1,1,0.5200000000000102,1101.05
2018-12-29 19:00:00,71.01,70.72,72.62975,1.6197531127929636,0.1,1,-0.29000000000000625,1100.76
2018-12-29 20:00:00,70.72,70.34,70.73128,0.011277465820313637,0.1,0,-0.0,1100.76
2018-12-29 21:00:00,70.34,68.65,69.227875,-1.1121252441406284,0.1,-1,1.6899999999999977,1102.45
2018-12-29 22:00:00,68.65,68.31,68.18294,-0.4670623779296932,0.1,-1,0.3400000000000034,1102.79
2018-12-29 23:00:00,68.31,67.38,68.38702,0.07701629638671648,0.1,0,-0.0,1102.79
2018-12-30 00:00:00,67.38,57.69,62.63065,-4.749350433349605,0.1,-1,9.689999999999998,1112.48
2018-12-30 01:00:00,57.69,56.27,56.950443,-0.7395567321777321,0.1,-1,1.4199999999999946,1113.9
2018-12-30 02:00:00,56.27,55.4,56.142197,-0.12780334472656563,0.1,-1,0.8700000000000045,1114.77
2018-12-30 03:00:00,55.4,55.15,56.121304,0.7213035583496108,0.1,1,-0.25,1114.52
2018-12-30 04:00:00,55.15,55.13,56.263298,1.1132980346679702,0.1,1,-0.01999999999999602,1114.5
2018-12-30 05:00:00,55.13,55.34,56.855316,1.7253161621093724,0.1,1,0.21000000000000085,1114.71
2018-12-30 06:00:00,55.34,56.35,58.512596,3.1725961303710903,0.1,1,1.009999999999998,1115.72
2018-12-30 07:00:00,56.35,57.7,60.430676,4.0806755065917955,0.1,1,1.3500000000000014,1117.07
2018-12-30 08:00:00,57.7,61.77,64.3829,6.682896423339841,0.1,1,4.07,1121.1399999999999
2018-12-30 09:00:00,61.77,65.5,67.336105,5.566105346679684,0.1,1,3.729999999999997,1124.87
2018-12-30 10:00:00,65.5,65.67,67.76783,2.2678298950195312,0.1,1,0.1700000000000017,1125.04
2018-12-30 11:00:00,65.67,67.09,66.853676,1.1836758422851545,0.1,1,1.4200000000000017,1126.46
2018-12-30 12:00:00,67.09,69.4,69.58307,2.4930688476562466,0.1,1,2.3100000000000023,1128.77
2018-12-30 13:00:00,69.4,69.9,71.03786,1.6378570556640568,0.1,1,0.5,1129.27
2018-12-30 14:00:00,69.9,66.97,69.50132,-0.39868011474609943,0.1,-1,2.930000000000007,1132.2
2018-12-30 15:00:00,66.97,65.48,66.8634,-0.10659667968749886,0.1,-1,1.4899999999999949,1133.69
2018-12-30 16:00:00,65.48,68.2,67.88969,2.4096865844726523,0.1,1,2.719999999999999,1136.41
2018-12-30 17:00:00,68.2,71.43,73.484024,5.28402404785156,0.1,1,3.230000000000004,1139.64
2018-12-30 18:00:00,71.43,72.37,73.67876,2.2487567138671807,0.1,1,0.9399999999999977,1140.5800000000002
2018-12-30 19:00:00,72.37,73.35,73.65398,1.283976440429683,0.1,1,0.9799999999999898,1141.5600000000002
2018-12-30 20:00:00,73.35,73.64,74.151115,0.8011154174804744,0.1,1,0.29000000000000625,1141.8500000000001
2018-12-30 21:00:00,73.64,71.92,73.407555,-0.23244537353515682,0.1,-1,1.7199999999999989,1143.5700000000002
2018-12-30 22:00:00,71.92,69.49,70.17103,-1.7489718627929705,0.1,-1,2.430000000000007,1146.0000000000002
2018-12-30 23:00:00,69.49,68.4,68.8004,-0.6896002197265574,0.1,-1,1.0899999999999892,1147.0900000000001
2018-12-31 00:00:00,68.4,60.32,64.63248,-3.7675231933593807,0.1,-1,8.080000000000005,1155.17
2018-12-31 01:00:00,60.32,57.73,59.694927,-0.6250727844238284,0.1,-1,2.5900000000000034,1157.76
2018-12-31 02:00:00,57.73,57.66,57.632145,-0.09785507202148125,0.1,0,-0.0,1157.76
2018-12-31 03:00:00,57.66,57.04,58.75732,1.0973204040527378,0.1,1,-0.6199999999999974,1157.14
2018-12-31 04:00:00,57.04,57.48,57.46578,0.425778350830079,0.1,1,0.4399999999999977,1157.5800000000002
2018-12-31 05:00:00,57.48,61.13,62.687843,5.207843322753909,0.1,1,3.6500000000000057,1161.2300000000002
2018-12-31 06:00:00,61.13,60.7,66.10867,4.978673095703122,0.1,1,-0.4299999999999997,1160.8000000000002
2018-12-31 07:00:00,60.7,66.64,64.13826,3.4382598876953097,0.1,1,5.939999999999998,1166.7400000000002
2018-12-31 08:00:00,66.64,70.33,71.68867,5.048667297363281,0.1,1,3.6899999999999977,1170.4300000000003
2018-12-31 09:00:00,70.33,72.12,72.83076,2.500757141113283,0.1,1,1.7900000000000063,1172.2200000000003
2018-12-31 10:00:00,72.12,71.81,73.28136,1.161356811523433,0.1,1,-0.3100000000000023,1171.9100000000003
2018-12-31 11:00:00,71.81,72.42,71.50021,-0.3097863769531273,0.1,-1,-0.6099999999999994,1171.3000000000004
2018-12-31 12:00:00,72.42,71.8,73.1369,0.7169018554687483,0.1,1,-0.6200000000000045,1170.6800000000003
2018-12-31 13:00:00,71.8,71.95,71.01333,-0.7866714477539034,0.1,-1,-0.15000000000000568,1170.5300000000002
2018-12-31 14:00:00,71.95,70.85,71.88553,-0.06447143554687784,0.1,0,-0.0,1170.5300000000002
2018-12-31 15:00:00,70.85,71.36,70.62582,-0.22418365478515057,0.1,-1,-0.5100000000000051,1170.0200000000002
2018-12-31 16:00:00,71.36,75.13,73.67104,2.3110433959960943,0.1,1,3.769999999999996,1173.7900000000002
2018-12-31 17:00:00,75.13,77.61,76.60983,1.4798327636718795,0.1,1,2.480000000000004,1176.2700000000002
2018-12-31 18:00:00,77.61,77.02,77.13919,-0.47080932617187443,0.1,-1,0.5900000000000034,1176.8600000000001
2018-12-31 19:00:00,77.02,76.16,75.49013,-1.5298724365234335,0.1,-1,0.8599999999999994,1177.72
2018-12-31 20:00:00,76.16,74.3,73.98938,-2.1706201171874966,0.1,-1,1.8599999999999994,1179.58
2018-12-31 21:00:00,74.3,69.89,71.68799,-2.612011718749997,0.1,-1,4.409999999999997,1183.99
2018-12-31 22:00:00,69.89,69.88,69.27174,-0.6182562255859381,0.1,-1,0.010000000000005116,1184.0
