time,price_t,price_tplus,pred_tplus,position,pnl,pnl_cum
2018-12-01 23:00:00,64.5,60.27,58.938705,-1,4.229999999999997,4.229999999999997
2018-12-02 00:00:00,60.27,53.37,56.089222,-1,6.900000000000006,11.130000000000003
2018-12-02 01:00:00,53.37,51.32,51.105873,-1,2.049999999999997,13.18
2018-12-02 02:00:00,51.32,50.03,49.978607,-1,1.2899999999999991,14.469999999999999
2018-12-02 03:00:00,50.03,50.25,49.254547,-1,-0.21999999999999886,14.25
2018-12-02 04:00:00,50.25,50.98,51.31798,1,0.7299999999999969,14.979999999999997
2018-12-02 05:00:00,50.98,51.73,54.87404,1,0.75,15.729999999999997
2018-12-02 06:00:00,51.73,51.42,57.043087,1,-0.30999999999999517,15.420000000000002
2018-12-02 07:00:00,51.42,52.01,56.40018,1,0.5899999999999963,16.009999999999998
2018-12-02 08:00:00,52.01,55.41,58.27173,1,3.3999999999999986,19.409999999999997
2018-12-02 09:00:00,55.41,60.8,62.76554,1,5.390000000000001,24.799999999999997
2018-12-02 10:00:00,60.8,63.12,64.94605,1,2.3200000000000003,27.119999999999997
2018-12-02 11:00:00,63.12,63.85,66.54833,1,0.730000000000004,27.85
2018-12-02 12:00:00,63.85,67.94,64.909615,1,4.089999999999996,31.939999999999998
2018-12-02 13:00:00,67.94,66.48,67.73935,-1,1.4599999999999937,33.39999999999999
2018-12-02 14:00:00,66.48,62.07,64.31126,-1,4.410000000000004,37.809999999999995
2018-12-02 15:00:00,62.07,61.77,61.73751,-1,0.29999999999999716,38.10999999999999
2018-12-02 16:00:00,61.77,66.78,64.8574,1,5.009999999999998,43.11999999999999
2018-12-02 17:00:00,66.78,72.51,70.35388,1,5.730000000000004,48.849999999999994
2018-12-02 18:00:00,72.51,72.35,73.29485,1,-0.1600000000000108,48.68999999999998
2018-12-02 19:00:00,72.35,72.85,72.396385,1,0.5,49.18999999999998
2018-12-02 20:00:00,72.85,72.61,72.56033,-1,0.23999999999999488,49.42999999999998
2018-12-02 21:00:00,72.61,71.22,69.59247,-1,1.3900000000000006,50.81999999999998
2018-12-02 22:00:00,71.22,66.96,67.45535,-1,4.260000000000005,55.079999999999984
2018-12-02 23:00:00,66.96,53.89,61.557293,-1,13.069999999999993,68.14999999999998
2018-12-03 00:00:00,53.89,50.93,51.214012,-1,2.960000000000001,71.10999999999999
2018-12-03 01:00:00,50.93,49.65,50.09319,-1,1.2800000000000011,72.38999999999999
2018-12-03 02:00:00,49.65,49.38,49.53273,-1,0.269999999999996,72.65999999999998
2018-12-03 03:00:00,49.38,49.8,49.90602,1,0.4199999999999946,73.07999999999998
2018-12-03 04:00:00,49.8,50.85,50.925915,1,1.0500000000000043,74.13
2018-12-03 05:00:00,50.85,57.92,52.59236,1,7.07,81.19999999999999
2018-12-03 06:00:00,57.92,67.76,59.139862,1,9.840000000000003,91.03999999999999
2018-12-03 07:00:00,67.76,70.38,67.41848,-1,-2.6199999999999903,88.42
2018-12-03 08:00:00,70.38,71.8,70.0081,-1,-1.4200000000000017,87.0
2018-12-03 09:00:00,71.8,73.27,71.17512,-1,-1.4699999999999989,85.53
2018-12-03 10:00:00,73.27,73.52,72.18943,-1,-0.25,85.28
2018-12-03 11:00:00,73.52,73.53,71.91249,-1,-0.010000000000005116,85.27
2018-12-03 12:00:00,73.53,71.98,71.85292,-1,1.5499999999999972,86.82
2018-12-03 13:00:00,71.98,70.08,70.16352,-1,1.9000000000000057,88.72
2018-12-03 14:00:00,70.08,71.07,68.91785,-1,-0.9899999999999949,87.73
2018-12-03 15:00:00,71.07,72.23,70.98239,-1,-1.1600000000000108,86.57
2018-12-03 16:00:00,72.23,74.16,72.23392,1,1.9299999999999926,88.49999999999999
2018-12-03 17:00:00,74.16,78.79,73.545975,-1,-4.63000000000001,83.86999999999998
2018-12-03 18:00:00,78.79,77.98,76.63447,-1,0.8100000000000023,84.67999999999998
2018-12-03 19:00:00,77.98,77.81,76.370384,-1,0.1700000000000017,84.84999999999998
2018-12-03 20:00:00,77.81,75.76,75.78248,-1,2.049999999999997,86.89999999999998
2018-12-03 21:00:00,75.76,73.27,71.47201,-1,2.490000000000009,89.38999999999999
2018-12-03 22:00:00,73.27,72.14,69.291145,-1,1.1299999999999955,90.51999999999998
2018-12-03 23:00:00,72.14,67.01,67.34925,-1,5.1299999999999955,95.64999999999998
2018-12-04 00:00:00,67.01,62.68,62.73586,-1,4.330000000000005,99.97999999999999
2018-12-04 01:00:00,62.68,61.66,59.44568,-1,1.0200000000000031,101.0
2018-12-04 02:00:00,61.66,61.53,60.427326,-1,0.12999999999999545,101.13
2018-12-04 03:00:00,61.53,61.4,61.743,1,-0.13000000000000256,101.0
2018-12-04 04:00:00,61.4,63.42,62.31756,1,2.020000000000003,103.02000000000001
2018-12-04 05:00:00,63.42,67.56,65.1882,1,4.140000000000001,107.16000000000001
2018-12-04 06:00:00,67.56,72.85,69.83393,1,5.289999999999992,112.45
2018-12-04 07:00:00,72.85,75.58,72.99513,1,2.730000000000004,115.18
2018-12-04 08:00:00,75.58,75.4,75.202965,-1,0.1799999999999926,115.36
2018-12-04 09:00:00,75.4,76.18,74.51835,-1,-0.7800000000000011,114.58
2018-12-04 10:00:00,76.18,75.77,76.00415,-1,0.4100000000000108,114.99000000000001
2018-12-04 11:00:00,75.77,74.27,74.84766,-1,1.5,116.49000000000001
2018-12-04 12:00:00,74.27,72.75,73.54963,-1,1.519999999999996,118.01
2018-12-04 13:00:00,72.75,73.15,72.19675,-1,-0.4000000000000057,117.61
2018-12-04 14:00:00,73.15,73.84,73.42084,1,0.6899999999999977,118.3
2018-12-04 15:00:00,73.84,74.21,74.2426,1,0.36999999999999034,118.66999999999999
2018-12-04 16:00:00,74.21,76.29,74.70533,1,2.0800000000000125,120.75
2018-12-04 17:00:00,76.29,84.06,78.20695,1,7.769999999999996,128.51999999999998
2018-12-04 18:00:00,84.06,84.05,83.3717,-1,0.010000000000005116,128.52999999999997
2018-12-04 19:00:00,84.05,77.27,80.525375,-1,6.780000000000001,135.30999999999997
2018-12-04 20:00:00,77.27,75.17,76.4598,-1,2.0999999999999943,137.40999999999997
2018-12-04 21:00:00,75.17,73.14,72.47938,-1,2.030000000000001,139.43999999999997
2018-12-04 22:00:00,73.14,72.08,70.5271,-1,1.0600000000000023,140.49999999999997
2018-12-04 23:00:00,72.08,67.07,69.20145,-1,5.010000000000005,145.51
2018-12-05 00:00:00,67.07,61.32,65.50001,-1,5.749999999999993,151.26
2018-12-05 01:00:00,61.32,58.65,61.93312,1,-2.6700000000000017,148.58999999999997
2018-12-05 02:00:00,58.65,56.37,60.380154,1,-2.280000000000001,146.30999999999997
2018-12-05 03:00:00,56.37,55.21,58.548836,1,-1.1599999999999966,145.14999999999998
2018-12-05 04:00:00,55.21,58.42,57.851967,1,3.210000000000001,148.35999999999999
2018-12-05 05:00:00,58.42,61.78,64.3941,1,3.3599999999999994,151.71999999999997
2018-12-05 06:00:00,61.78,69.68,69.00461,1,7.900000000000006,159.61999999999998
2018-12-05 07:00:00,69.68,72.89,74.18323,1,3.2099999999999937,162.82999999999998
2018-12-05 08:00:00,72.89,72.52,74.00442,1,-0.37000000000000455,162.45999999999998
2018-12-05 09:00:00,72.52,73.99,72.39733,-1,-1.4699999999999989,160.98999999999998
2018-12-05 10:00:00,73.99,73.17,74.71442,1,-0.8199999999999932,160.17
2018-12-05 11:00:00,73.17,73.07,72.89223,-1,0.10000000000000853,160.26999999999998
2018-12-05 12:00:00,73.07,71.3,73.158264,1,-1.769999999999996,158.5
2018-12-05 13:00:00,71.3,70.88,70.82111,-1,0.4200000000000017,158.92000000000002
2018-12-05 14:00:00,70.88,70.51,71.19951,1,-0.36999999999999034,158.55
2018-12-05 15:00:00,70.51,70.73,71.474014,1,0.21999999999999886,158.77
2018-12-05 16:00:00,70.73,73.21,73.57518,1,2.4799999999999898,161.25
2018-12-05 17:00:00,73.21,76.3,76.98255,1,3.0900000000000034,164.34
2018-12-05 18:00:00,76.3,73.61,79.527115,1,-2.6899999999999977,161.65
2018-12-05 19:00:00,73.61,72.8,72.81187,-1,0.8100000000000023,162.46
2018-12-05 20:00:00,72.8,71.19,71.72739,-1,1.6099999999999994,164.07
2018-12-05 21:00:00,71.19,69.46,68.76327,-1,1.730000000000004,165.8
2018-12-05 22:00:00,69.46,67.19,66.85759,-1,2.269999999999996,168.07
2018-12-05 23:00:00,67.19,61.05,65.92576,-1,6.140000000000001,174.20999999999998
2018-12-06 00:00:00,61.05,57.22,59.91338,-1,3.8299999999999983,178.03999999999996
2018-12-06 01:00:00,57.22,53.47,57.235905,1,-3.75,174.28999999999996
2018-12-06 02:00:00,53.47,53.2,53.922035,1,-0.269999999999996,174.01999999999998
2018-12-06 03:00:00,53.2,53.15,54.879208,1,-0.05000000000000426,173.96999999999997
2018-12-06 04:00:00,53.15,53.4,55.98583,1,0.25,174.21999999999997
2018-12-06 05:00:00,53.4,58.53,59.534992,1,5.130000000000003,179.34999999999997
2018-12-06 06:00:00,58.53,67.74,65.35926,1,9.209999999999994,188.55999999999995
2018-12-06 07:00:00,67.74,67.75,70.699585,1,0.010000000000005116,188.56999999999994
2018-12-06 08:00:00,67.75,69.0,68.933205,1,1.25,189.81999999999994
2018-12-06 09:00:00,69.0,70.23,70.50786,1,1.230000000000004,191.04999999999995
2018-12-06 10:00:00,70.23,70.34,71.521866,1,0.10999999999999943,191.15999999999997
2018-12-06 11:00:00,70.34,69.63,70.76009,1,-0.710000000000008,190.44999999999996
2018-12-06 12:00:00,69.63,68.93,69.522224,-1,0.6999999999999886,191.14999999999995
2018-12-06 13:00:00,68.93,68.19,68.50119,-1,0.7400000000000091,191.88999999999996
2018-12-06 14:00:00,68.19,64.99,68.36229,1,-3.200000000000003,188.68999999999994
2018-12-06 15:00:00,64.99,66.45,64.79344,-1,-1.460000000000008,187.22999999999993
2018-12-06 16:00:00,66.45,71.53,69.938034,1,5.079999999999998,192.30999999999995
2018-12-06 17:00:00,71.53,73.61,74.04965,1,2.0799999999999983,194.38999999999993
2018-12-06 18:00:00,73.61,71.89,74.5207,1,-1.7199999999999989,192.66999999999993
2018-12-06 19:00:00,71.89,70.54,70.6597,-1,1.3499999999999943,194.01999999999992
2018-12-06 20:00:00,70.54,69.98,68.82085,-1,0.5600000000000023,194.57999999999993
2018-12-06 21:00:00,69.98,68.75,67.63269,-1,1.230000000000004,195.80999999999995
2018-12-06 22:00:00,68.75,67.7,65.32733,-1,1.0499999999999972,196.85999999999996
2018-12-06 23:00:00,67.7,68.13,67.12132,-1,-0.4299999999999926,196.42999999999995
2018-12-07 00:00:00,68.13,66.46,67.5926,-1,1.6700000000000017,198.09999999999997
2018-12-07 01:00:00,66.46,60.18,64.80002,-1,6.279999999999994,204.37999999999997
2018-12-07 02:00:00,60.18,57.95,59.52781,-1,2.229999999999997,206.60999999999996
2018-12-07 03:00:00,57.95,55.85,57.782574,-1,2.1000000000000014,208.70999999999995
2018-12-07 04:00:00,55.85,57.51,56.451725,1,1.6599999999999966,210.36999999999995
2018-12-07 05:00:00,57.51,64.15,62.58869,1,6.640000000000008,217.00999999999996
2018-12-07 06:00:00,64.15,67.74,70.13478,1,3.589999999999989,220.59999999999997
2018-12-07 07:00:00,67.74,70.9,71.7889,1,3.160000000000011,223.76
2018-12-07 08:00:00,70.9,68.94,73.05994,1,-1.960000000000008,221.79999999999998
2018-12-07 09:00:00,68.94,70.23,69.09585,1,1.2900000000000063,223.08999999999997
2018-12-07 10:00:00,70.23,70.02,72.53044,1,-0.21000000000000796,222.87999999999997
2018-12-07 11:00:00,70.02,69.17,71.24766,1,-0.8499999999999943,222.02999999999997
2018-12-07 12:00:00,69.17,68.58,70.12235,1,-0.5900000000000034,221.43999999999997
2018-12-07 13:00:00,68.58,67.72,69.56704,1,-0.8599999999999994,220.57999999999998
2018-12-07 14:00:00,67.72,65.88,68.52016,1,-1.8400000000000034,218.73999999999998
2018-12-07 15:00:00,65.88,65.43,67.869736,1,-0.44999999999998863,218.29
2018-12-07 16:00:00,65.43,68.53,68.59516,1,3.0999999999999943,221.39
2018-12-07 17:00:00,68.53,71.94,73.185135,1,3.4099999999999966,224.79999999999998
2018-12-07 18:00:00,71.94,71.83,72.64922,1,-0.10999999999999943,224.69
2018-12-07 19:00:00,71.83,72.12,71.53567,-1,-0.29000000000000625,224.39999999999998
2018-12-07 20:00:00,72.12,70.35,72.325905,1,-1.7700000000000102,222.62999999999997
2018-12-07 21:00:00,70.35,69.0,69.662575,-1,1.3499999999999943,223.97999999999996
2018-12-07 22:00:00,69.0,67.09,68.403564,-1,1.9099999999999966,225.88999999999996
2018-12-07 23:00:00,67.09,58.41,68.78078,1,-8.680000000000007,217.20999999999995
2018-12-08 00:00:00,58.41,54.95,61.01845,1,-3.4599999999999937,213.74999999999994
2018-12-08 01:00:00,54.95,52.97,55.390697,1,-1.980000000000004,211.76999999999992
2018-12-08 02:00:00,52.97,52.91,54.430187,1,-0.060000000000002274,211.70999999999992
2018-12-08 03:00:00,52.91,52.56,55.5706,1,-0.3499999999999943,211.35999999999993
2018-12-08 04:00:00,52.56,53.05,55.075226,1,0.4899999999999949,211.8499999999999
2018-12-08 05:00:00,53.05,53.01,57.816963,1,-0.03999999999999915,211.80999999999992
2018-12-08 06:00:00,53.01,54.94,57.998158,1,1.9299999999999997,213.73999999999992
2018-12-08 07:00:00,54.94,63.69,62.04665,1,8.75,222.48999999999992
2018-12-08 08:00:00,63.69,67.81,67.3318,1,4.1200000000000045,226.60999999999993
2018-12-08 09:00:00,67.81,67.82,68.073715,1,0.009999999999990905,226.61999999999992
2018-12-08 10:00:00,67.82,67.93,68.216194,1,0.11000000000001364,226.72999999999993
2018-12-08 11:00:00,67.93,67.99,68.41404,1,0.05999999999998806,226.7899999999999
2018-12-08 12:00:00,67.99,68.75,67.98051,-1,-0.7600000000000051,226.02999999999992
2018-12-08 13:00:00,68.75,68.56,67.98907,-1,0.18999999999999773,226.2199999999999
2018-12-08 14:00:00,68.56,67.93,66.399994,-1,0.6299999999999955,226.8499999999999
2018-12-08 15:00:00,67.93,67.85,65.31602,-1,0.0800000000000125,226.92999999999992
2018-12-08 16:00:00,67.85,68.11,66.021385,-1,-0.2600000000000051,226.6699999999999
2018-12-08 17:00:00,68.11,71.59,67.75316,-1,-3.480000000000004,223.18999999999988
2018-12-08 18:00:00,71.59,72.32,71.08165,-1,-0.7299999999999898,222.4599999999999
2018-12-08 19:00:00,72.32,72.96,71.65112,-1,-0.6400000000000006,221.81999999999988
2018-12-08 20:00:00,72.96,73.11,72.46295,-1,-0.15000000000000568,221.66999999999987
2018-12-08 21:00:00,73.11,71.36,72.83555,-1,1.75,223.41999999999987
2018-12-08 22:00:00,71.36,68.97,69.70871,-1,2.3900000000000006,225.8099999999999
2018-12-08 23:00:00,68.97,68.03,67.76279,-1,0.9399999999999977,226.7499999999999
2018-12-09 00:00:00,68.03,63.22,67.1775,-1,4.810000000000002,231.5599999999999
2018-12-09 01:00:00,63.22,58.46,62.780045,-1,4.759999999999998,236.31999999999988
2018-12-09 02:00:00,58.46,56.27,57.903713,-1,2.1899999999999977,238.50999999999988
2018-12-09 03:00:00,56.27,55.45,56.37742,1,-0.8200000000000003,237.68999999999988
2018-12-09 04:00:00,55.45,55.33,55.95757,1,-0.12000000000000455,237.56999999999988
2018-12-09 05:00:00,55.33,55.64,57.62418,1,0.3100000000000023,237.87999999999988
2018-12-09 06:00:00,55.64,55.02,59.269634,1,-0.6199999999999974,237.25999999999988
2018-12-09 07:00:00,55.02,56.61,57.296318,1,1.5899999999999963,238.84999999999988
2018-12-09 08:00:00,56.61,61.65,61.308735,1,5.039999999999999,243.88999999999987
2018-12-09 09:00:00,61.65,67.08,65.56105,1,5.43,249.31999999999988
2018-12-09 10:00:00,67.08,67.34,69.039955,1,0.2600000000000051,249.57999999999987
2018-12-09 11:00:00,67.34,67.33,68.53467,1,-0.010000000000005116,249.56999999999988
2018-12-09 12:00:00,67.33,69.27,69.23138,1,1.9399999999999977,251.50999999999988
2018-12-09 13:00:00,69.27,69.21,71.763306,1,-0.060000000000002274,251.44999999999987
2018-12-09 14:00:00,69.21,65.23,69.79827,1,-3.9799999999999898,247.46999999999989
2018-12-09 15:00:00,65.23,64.22,65.77797,1,-1.0100000000000051,246.45999999999987
2018-12-09 16:00:00,64.22,69.24,65.98008,1,5.019999999999996,251.47999999999985
2018-12-09 17:00:00,69.24,71.22,73.58178,1,1.980000000000004,253.45999999999987
2018-12-09 18:00:00,71.22,70.08,74.80875,1,-1.1400000000000006,252.31999999999988
2018-12-09 19:00:00,70.08,71.55,71.76447,1,1.4699999999999989,253.78999999999988
2018-12-09 20:00:00,71.55,71.83,74.93171,1,0.28000000000000114,254.06999999999988
2018-12-09 21:00:00,71.83,69.86,73.742355,1,-1.9699999999999989,252.09999999999988
2018-12-09 22:00:00,69.86,67.87,69.82808,-1,1.9899999999999949,254.08999999999986
2018-12-09 23:00:00,67.87,66.08,64.180824,-1,1.7900000000000063,255.87999999999988
2018-12-10 00:00:00,66.08,59.51,61.895172,-1,6.57,262.4499999999999
2018-12-10 01:00:00,59.51,55.86,57.658985,-1,3.6499999999999986,266.09999999999985
2018-12-10 02:00:00,55.86,55.12,55.0559,-1,0.740000000000002,266.83999999999986
2018-12-10 03:00:00,55.12,53.81,55.01698,-1,1.3099999999999952,268.14999999999986
2018-12-10 04:00:00,53.81,54.25,54.185284,1,0.4399999999999977,268.58999999999986
2018-12-10 05:00:00,54.25,58.69,57.25092,1,4.439999999999998,273.02999999999986
2018-12-10 06:00:00,58.69,67.06,66.061295,1,8.370000000000005,281.39999999999986
2018-12-10 07:00:00,67.06,71.03,71.25756,1,3.969999999999999,285.3699999999999
2018-12-10 08:00:00,71.03,70.72,73.30344,1,-0.3100000000000023,285.0599999999999
2018-12-10 09:00:00,70.72,71.1,72.22082,1,0.37999999999999545,285.4399999999999
2018-12-10 10:00:00,71.1,70.65,72.05606,1,-0.44999999999998863,284.9899999999999
2018-12-10 11:00:00,70.65,70.86,70.0366,-1,-0.20999999999999375,284.7799999999999
2018-12-10 12:00:00,70.86,69.99,69.65191,-1,0.8700000000000045,285.6499999999999
2018-12-10 13:00:00,69.99,69.28,68.15377,-1,0.7099999999999937,286.3599999999999
2018-12-10 14:00:00,69.28,69.27,67.664474,-1,0.010000000000005116,286.3699999999999
2018-12-10 15:00:00,69.27,69.76,67.94038,-1,-0.4900000000000091,285.8799999999999
2018-12-10 16:00:00,69.76,73.48,72.75212,1,3.719999999999999,289.5999999999999
2018-12-10 17:00:00,73.48,77.65,76.12248,1,4.170000000000002,293.7699999999999
2018-12-10 18:00:00,77.65,76.23,77.70432,1,-1.4200000000000017,292.3499999999999
2018-12-10 19:00:00,76.23,75.54,76.12525,-1,0.6899999999999977,293.0399999999999
2018-12-10 20:00:00,75.54,74.16,75.13133,-1,1.3800000000000097,294.4199999999999
2018-12-10 21:00:00,74.16,71.91,73.01994,-1,2.25,296.6699999999999
2018-12-10 22:00:00,71.91,69.53,68.90289,-1,2.3799999999999955,299.0499999999999
2018-12-10 23:00:00,69.53,68.77,65.709175,-1,0.7600000000000051,299.8099999999999
2018-12-11 00:00:00,68.77,64.42,64.35974,-1,4.349999999999994,304.15999999999985
2018-12-11 01:00:00,64.42,62.07,60.694893,-1,2.3500000000000014,306.5099999999999
2018-12-11 02:00:00,62.07,59.53,59.734463,-1,2.539999999999999,309.0499999999999
2018-12-11 03:00:00,59.53,59.68,58.275295,-1,-0.14999999999999858,308.8999999999999
2018-12-11 04:00:00,59.68,59.74,61.03099,1,0.060000000000002274,308.9599999999999
2018-12-11 05:00:00,59.74,63.86,63.895527,1,4.119999999999997,313.0799999999999
2018-12-11 06:00:00,63.86,70.55,71.47247,1,6.689999999999998,319.7699999999999
2018-12-11 07:00:00,70.55,75.29,74.65821,1,4.740000000000009,324.50999999999993
2018-12-11 08:00:00,75.29,75.5,76.72495,1,0.20999999999999375,324.7199999999999
2018-12-11 09:00:00,75.5,75.12,75.22899,-1,0.37999999999999545,325.0999999999999
2018-12-11 10:00:00,75.12,73.3,74.95777,-1,1.8200000000000074,326.9199999999999
2018-12-11 11:00:00,73.3,71.07,73.21756,-1,2.230000000000004,329.1499999999999
2018-12-11 12:00:00,71.07,70.17,70.82241,-1,0.8999999999999915,330.0499999999999
2018-12-11 13:00:00,70.17,70.99,70.98417,1,0.8199999999999932,330.8699999999999
2018-12-11 14:00:00,70.99,72.74,73.56726,1,1.75,332.6199999999999
2018-12-11 15:00:00,72.74,72.99,74.7125,1,0.25,332.8699999999999
2018-12-11 16:00:00,72.99,74.78,76.38525,1,1.7900000000000063,334.6599999999999
2018-12-11 17:00:00,74.78,78.11,80.44421,1,3.3299999999999983,337.9899999999999
2018-12-11 18:00:00,78.11,78.38,82.02617,1,0.269999999999996,338.2599999999999
2018-12-11 19:00:00,78.38,75.88,77.134476,-1,2.5,340.7599999999999
2018-12-11 20:00:00,75.88,73.48,74.63475,-1,2.3999999999999915,343.15999999999985
2018-12-11 21:00:00,73.48,69.62,72.13995,-1,3.8599999999999994,347.01999999999987
2018-12-11 22:00:00,69.62,68.36,67.17994,-1,1.2600000000000051,348.27999999999986
2018-12-11 23:00:00,68.36,66.1,68.37739,1,-2.260000000000005,346.01999999999987
2018-12-12 00:00:00,66.1,59.84,65.008255,-1,6.259999999999991,352.27999999999986
2018-12-12 01:00:00,59.84,57.45,60.936977,1,-2.3900000000000006,349.8899999999999
2018-12-12 02:00:00,57.45,54.62,57.838215,1,-2.8300000000000054,347.0599999999999
2018-12-12 03:00:00,54.62,55.02,55.571453,1,0.4000000000000057,347.4599999999999
2018-12-12 04:00:00,55.02,56.93,59.586617,1,1.9099999999999966,349.3699999999999
2018-12-12 05:00:00,56.93,69.83,64.25378,1,12.899999999999999,362.26999999999987
2018-12-12 06:00:00,69.83,71.56,74.09846,1,1.730000000000004,363.9999999999999
2018-12-12 07:00:00,71.56,76.08,74.61062,1,4.519999999999996,368.51999999999987
2018-12-12 08:00:00,76.08,76.39,77.05568,1,0.3100000000000023,368.82999999999987
2018-12-12 09:00:00,76.39,77.29,76.47898,1,0.9000000000000057,369.7299999999999
2018-12-12 10:00:00,77.29,77.26,76.67591,-1,0.030000000000001137,369.7599999999999
2018-12-12 11:00:00,77.26,75.9,76.12902,-1,1.3599999999999994,371.1199999999999
2018-12-12 12:00:00,75.9,74.82,74.99435,-1,1.0800000000000125,372.19999999999993
2018-12-12 13:00:00,74.82,73.95,74.46354,-1,0.8699999999999903,373.06999999999994
2018-12-12 14:00:00,73.95,73.85,74.17672,1,-0.10000000000000853,372.9699999999999
2018-12-12 15:00:00,73.85,73.7,74.49235,1,-0.14999999999999147,372.81999999999994
2018-12-12 16:00:00,73.7,74.65,75.085976,1,0.9500000000000028,373.7699999999999
2018-12-12 17:00:00,74.65,77.02,77.208916,1,2.3699999999999903,376.13999999999993
2018-12-12 18:00:00,77.02,75.75,77.21145,1,-1.269999999999996,374.86999999999995
2018-12-12 19:00:00,75.75,75.51,74.797195,-1,0.23999999999999488,375.10999999999996
2018-12-12 20:00:00,75.51,72.29,73.62311,-1,3.219999999999999,378.3299999999999
2018-12-12 21:00:00,72.29,68.3,69.78468,-1,3.990000000000009,382.31999999999994
2018-12-12 22:00:00,68.3,62.48,65.16804,-1,5.82,388.13999999999993
2018-12-12 23:00:00,62.48,58.17,61.298588,-1,4.309999999999995,392.44999999999993
2018-12-13 00:00:00,58.17,55.19,57.287872,-1,2.980000000000004,395.42999999999995
2018-12-13 01:00:00,55.19,52.11,54.475433,-1,3.0799999999999983,398.50999999999993
2018-12-13 02:00:00,52.11,51.24,51.938835,-1,0.8699999999999974,399.37999999999994
2018-12-13 03:00:00,51.24,50.73,52.497234,1,-0.5100000000000051,398.86999999999995
2018-12-13 04:00:00,50.73,51.02,52.79325,1,0.29000000000000625,399.15999999999997
2018-12-13 05:00:00,51.02,55.6,56.217754,1,4.579999999999998,403.73999999999995
2018-12-13 06:00:00,55.6,65.51,64.40165,1,9.910000000000004,413.65
2018-12-13 07:00:00,65.51,72.21,70.743904,1,6.699999999999989,420.34999999999997
2018-12-13 08:00:00,72.21,73.02,74.44812,1,0.8100000000000023,421.15999999999997
2018-12-13 09:00:00,73.02,74.32,74.766495,1,1.2999999999999972,422.46
2018-12-13 10:00:00,74.32,73.57,74.75782,1,-0.75,421.71
2018-12-13 11:00:00,73.57,73.64,73.33318,-1,-0.07000000000000739,421.64
2018-12-13 12:00:00,73.64,71.53,73.34635,-1,2.1099999999999994,423.75
2018-12-13 13:00:00,71.53,69.59,69.69487,-1,1.9399999999999977,425.69
2018-12-13 14:00:00,69.59,66.78,67.94468,-1,2.8100000000000023,428.5
2018-12-13 15:00:00,66.78,65.61,66.3162,-1,1.1700000000000017,429.67
2018-12-13 16:00:00,65.61,68.23,67.20457,1,2.6200000000000045,432.29
2018-12-13 17:00:00,68.23,73.77,72.856026,1,5.539999999999992,437.83000000000004
2018-12-13 18:00:00,73.77,74.46,73.82632,1,0.6899999999999977,438.52000000000004
2018-12-13 19:00:00,74.46,75.01,73.87033,-1,-0.5500000000000114,437.97
2018-12-13 20:00:00,75.01,73.3,73.46555,-1,1.710000000000008,439.68000000000006
2018-12-13 21:00:00,73.3,70.83,70.57113,-1,2.469999999999999,442.1500000000001
2018-12-13 22:00:00,70.83,64.79,66.4603,-1,6.039999999999992,448.19000000000005
2018-12-13 23:00:00,64.79,56.12,59.878292,-1,8.670000000000009,456.86000000000007
2018-12-14 00:00:00,56.12,55.0,55.19933,-1,1.1199999999999974,457.9800000000001
2018-12-14 01:00:00,55.0,53.26,54.83158,-1,1.740000000000002,459.7200000000001
2018-12-14 02:00:00,53.26,52.8,53.577057,1,-0.46000000000000085,459.2600000000001
2018-12-14 03:00:00,52.8,52.98,53.851177,1,0.17999999999999972,459.4400000000001
2018-12-14 04:00:00,52.98,54.55,55.499187,1,1.5700000000000003,461.0100000000001
2018-12-14 05:00:00,54.55,57.02,60.26125,1,2.470000000000006,463.48000000000013
2018-12-14 06:00:00,57.02,67.84,64.88756,1,10.82,474.3000000000001
2018-12-14 07:00:00,67.84,72.68,72.4411,1,4.840000000000003,479.1400000000001
2018-12-14 08:00:00,72.68,73.18,74.32075,1,0.5,479.6400000000001
2018-12-14 09:00:00,73.18,74.71,74.146706,1,1.529999999999987,481.1700000000001
2018-12-14 10:00:00,74.71,74.16,74.542465,-1,0.5499999999999972,481.7200000000001
2018-12-14 11:00:00,74.16,72.28,72.882324,-1,1.8799999999999955,483.6000000000001
2018-12-14 12:00:00,72.28,69.85,70.79418,-1,2.430000000000007,486.0300000000001
2018-12-14 13:00:00,69.85,67.86,68.842125,-1,1.9899999999999949,488.0200000000001
2018-12-14 14:00:00,67.86,67.5,66.908325,-1,0.35999999999999943,488.3800000000001
2018-12-14 15:00:00,67.5,69.22,68.50019,1,1.7199999999999989,490.10000000000014
2018-12-14 16:00:00,69.22,72.51,73.07102,1,3.2900000000000063,493.39000000000016
2018-12-14 17:00:00,72.51,76.14,74.74698,1,3.6299999999999955,497.02000000000015
2018-12-14 18:00:00,76.14,76.53,76.335526,1,0.39000000000000057,497.41000000000014
2018-12-14 19:00:00,76.53,76.21,75.58264,-1,0.3200000000000074,497.73000000000013
2018-12-14 20:00:00,76.21,74.4,74.43811,-1,1.809999999999988,499.54000000000013
2018-12-14 21:00:00,74.4,72.72,72.62907,-1,1.6800000000000068,501.22000000000014
2018-12-14 22:00:00,72.72,70.86,70.84788,-1,1.8599999999999994,503.08000000000015
2018-12-14 23:00:00,70.86,69.13,69.306335,-1,1.730000000000004,504.8100000000002
2018-12-15 00:00:00,69.13,64.12,66.71399,-1,5.009999999999991,509.82000000000016
2018-12-15 01:00:00,64.12,61.15,63.18017,-1,2.970000000000006,512.7900000000002
2018-12-15 02:00:00,61.15,56.67,59.270924,-1,4.479999999999997,517.2700000000002
2018-12-15 03:00:00,56.67,55.21,55.975838,-1,1.4600000000000009,518.7300000000002
2018-12-15 04:00:00,55.21,54.69,55.259693,1,-0.5200000000000031,518.2100000000003
2018-12-15 05:00:00,54.69,56.0,55.88501,1,1.3100000000000023,519.5200000000002
2018-12-15 06:00:00,56.0,60.27,62.42197,1,4.270000000000003,523.7900000000002
2018-12-15 07:00:00,60.27,61.86,66.57403,1,1.5899999999999963,525.3800000000002
2018-12-15 08:00:00,61.86,68.37,67.37911,1,6.510000000000005,531.8900000000002
2018-12-15 09:00:00,68.37,69.92,72.22551,1,1.5499999999999972,533.4400000000002
2018-12-15 10:00:00,69.92,69.36,72.23727,1,-0.5600000000000023,532.8800000000001
2018-12-15 11:00:00,69.36,68.54,69.443405,1,-0.8199999999999932,532.0600000000002
2018-12-15 12:00:00,68.54,67.99,68.814865,1,-0.5500000000000114,531.5100000000002
2018-12-15 13:00:00,67.99,63.58,66.54525,-1,4.409999999999997,535.9200000000002
2018-12-15 14:00:00,63.58,63.56,63.90633,1,-0.01999999999999602,535.9000000000002
2018-12-15 15:00:00,63.56,63.85,65.21652,1,0.28999999999999915,536.1900000000002
2018-12-15 16:00:00,63.85,67.74,66.71084,1,3.8899999999999935,540.0800000000002
2018-12-15 17:00:00,67.74,72.48,72.56796,1,4.740000000000009,544.8200000000002
2018-12-15 18:00:00,72.48,72.84,74.18894,1,0.35999999999999943,545.1800000000002
2018-12-15 19:00:00,72.84,66.61,71.3883,-1,6.230000000000004,551.4100000000002
2018-12-15 20:00:00,66.61,65.37,65.585236,-1,1.2399999999999949,552.6500000000002
2018-12-15 21:00:00,65.37,65.76,65.93966,1,0.39000000000000057,553.0400000000002
2018-12-15 22:00:00,65.76,64.76,66.47201,1,-1.0,552.0400000000002
2018-12-15 23:00:00,64.76,59.68,63.59216,-1,5.080000000000005,557.1200000000002
2018-12-16 00:00:00,59.68,56.25,58.466846,-1,3.4299999999999997,560.5500000000002
2018-12-16 01:00:00,56.25,53.88,55.517216,-1,2.3699999999999974,562.9200000000002
2018-12-16 02:00:00,53.88,51.5,53.251198,-1,2.3800000000000026,565.3000000000002
2018-12-16 03:00:00,51.5,49.72,52.01313,1,-1.7800000000000011,563.5200000000002
2018-12-16 04:00:00,49.72,51.97,51.147175,1,2.25,565.7700000000002
2018-12-16 05:00:00,51.97,53.64,56.625324,1,1.6700000000000017,567.4400000000002
2018-12-16 06:00:00,53.64,55.48,58.216736,1,1.8399999999999963,569.2800000000002
2018-12-16 07:00:00,55.48,56.52,59.911083,1,1.0400000000000063,570.3200000000002
2018-12-16 08:00:00,56.52,62.46,62.65286,1,5.939999999999998,576.2600000000002
2018-12-16 09:00:00,62.46,63.38,66.07688,1,0.9200000000000017,577.1800000000002
2018-12-16 10:00:00,63.38,63.62,65.29844,1,0.23999999999999488,577.4200000000002
2018-12-16 11:00:00,63.62,62.72,64.20838,1,-0.8999999999999986,576.5200000000002
2018-12-16 12:00:00,62.72,62.71,63.992496,1,-0.00999999999999801,576.5100000000002
2018-12-16 13:00:00,62.71,63.1,63.86327,1,0.39000000000000057,576.9000000000002
2018-12-16 14:00:00,63.1,59.78,62.273735,-1,3.3200000000000003,580.2200000000003
2018-12-16 15:00:00,59.78,62.4,62.261795,1,2.6199999999999974,582.8400000000003
2018-12-16 16:00:00,62.4,66.72,66.89708,1,4.32,587.1600000000003
2018-12-16 17:00:00,66.72,72.8,71.8468,1,6.079999999999998,593.2400000000004
2018-12-16 18:00:00,72.8,73.34,74.08535,1,0.5400000000000063,593.7800000000003
2018-12-16 19:00:00,73.34,73.65,73.64459,1,0.3100000000000023,594.0900000000004
2018-12-16 20:00:00,73.65,69.89,71.68688,-1,3.760000000000005,597.8500000000004
2018-12-16 21:00:00,69.89,70.68,68.5986,-1,-0.7900000000000063,597.0600000000004
2018-12-16 22:00:00,70.68,62.52,67.5913,-1,8.160000000000004,605.2200000000004
2018-12-16 23:00:00,62.52,56.16,59.196774,-1,6.3600000000000065,611.5800000000004
2018-12-17 00:00:00,56.16,54.87,55.28062,-1,1.2899999999999991,612.8700000000003
2018-12-17 01:00:00,54.87,53.21,55.23652,1,-1.6599999999999966,611.2100000000004
2018-12-17 02:00:00,53.21,52.25,53.754795,1,-0.9600000000000009,610.2500000000003
2018-12-17 03:00:00,52.25,53.03,53.61825,1,0.7800000000000011,611.0300000000003
2018-12-17 04:00:00,53.03,55.59,56.962822,1,2.5600000000000023,613.5900000000004
2018-12-17 05:00:00,55.59,68.21,61.59589,1,12.61999999999999,626.2100000000004
2018-12-17 06:00:00,68.21,72.25,72.52485,1,4.040000000000006,630.2500000000003
2018-12-17 07:00:00,72.25,74.48,74.02907,1,2.230000000000004,632.4800000000004
2018-12-17 08:00:00,74.48,75.12,74.91536,1,0.6400000000000006,633.1200000000003
2018-12-17 09:00:00,75.12,76.39,75.51668,1,1.269999999999996,634.3900000000003
2018-12-17 10:00:00,76.39,76.96,76.28463,-1,-0.5699999999999932,633.8200000000004
2018-12-17 11:00:00,76.96,76.94,76.13943,-1,0.01999999999999602,633.8400000000004
2018-12-17 12:00:00,76.94,75.38,75.558014,-1,1.5600000000000023,635.4000000000003
2018-12-17 13:00:00,75.38,74.61,74.32405,-1,0.769999999999996,636.1700000000003
2018-12-17 14:00:00,74.61,74.29,74.10496,-1,0.3199999999999932,636.4900000000002
2018-12-17 15:00:00,74.29,74.23,73.86633,-1,0.060000000000002274,636.5500000000002
2018-12-17 16:00:00,74.23,75.43,74.342926,1,1.2000000000000028,637.7500000000002
2018-12-17 17:00:00,75.43,78.44,77.6396,1,3.009999999999991,640.7600000000002
2018-12-17 18:00:00,78.44,78.65,78.29696,-1,-0.21000000000000796,640.5500000000002
2018-12-17 19:00:00,78.65,78.69,77.25469,-1,-0.03999999999999204,640.5100000000002
2018-12-17 20:00:00,78.69,74.58,75.63313,-1,4.109999999999999,644.6200000000002
2018-12-17 21:00:00,74.58,69.78,71.748,-1,4.799999999999997,649.4200000000002
2018-12-17 22:00:00,69.78,64.05,66.60585,-1,5.730000000000004,655.1500000000002
2018-12-17 23:00:00,64.05,56.6,60.78254,-1,7.449999999999996,662.6000000000003
2018-12-18 00:00:00,56.6,54.5,56.11861,-1,2.1000000000000014,664.7000000000003
2018-12-18 01:00:00,54.5,53.18,55.336002,1,-1.3200000000000003,663.3800000000002
2018-12-18 02:00:00,53.18,52.23,54.61875,1,-0.9500000000000028,662.4300000000002
2018-12-18 03:00:00,52.23,52.17,54.361282,1,-0.05999999999999517,662.3700000000002
2018-12-18 04:00:00,52.17,54.81,56.269253,1,2.6400000000000006,665.0100000000002
2018-12-18 05:00:00,54.81,62.61,63.254246,1,7.799999999999997,672.8100000000002
2018-12-18 06:00:00,62.61,69.22,70.94984,1,6.609999999999999,679.4200000000002
2018-12-18 07:00:00,69.22,72.94,74.006065,1,3.719999999999999,683.1400000000002
2018-12-18 08:00:00,72.94,72.95,75.497246,1,0.010000000000005116,683.1500000000002
2018-12-18 09:00:00,72.95,74.07,74.31856,1,1.1199999999999903,684.2700000000002
2018-12-18 10:00:00,74.07,72.61,74.8015,1,-1.4599999999999937,682.8100000000002
2018-12-18 11:00:00,72.61,72.62,72.0087,-1,-0.010000000000005116,682.8000000000002
2018-12-18 12:00:00,72.62,71.45,72.71284,1,-1.1700000000000017,681.6300000000002
2018-12-18 13:00:00,71.45,71.38,70.84578,-1,0.07000000000000739,681.7000000000003
2018-12-18 14:00:00,71.38,71.47,72.00808,1,0.09000000000000341,681.7900000000003
2018-12-18 15:00:00,71.47,71.22,72.52595,1,-0.25,681.5400000000003
2018-12-18 16:00:00,71.22,72.67,72.77005,1,1.4500000000000028,682.9900000000004
2018-12-18 17:00:00,72.67,75.08,75.29753,1,2.4099999999999966,685.4000000000003
2018-12-18 18:00:00,75.08,75.54,76.31652,1,0.46000000000000796,685.8600000000004
2018-12-18 19:00:00,75.54,73.76,74.85774,-1,1.7800000000000011,687.6400000000003
2018-12-18 20:00:00,73.76,72.58,72.00843,-1,1.1800000000000068,688.8200000000004
2018-12-18 21:00:00,72.58,68.99,70.05864,-1,3.5900000000000034,692.4100000000004
2018-12-18 22:00:00,68.99,63.87,66.075645,-1,5.119999999999997,697.5300000000004
2018-12-18 23:00:00,63.87,58.04,60.96583,-1,5.829999999999998,703.3600000000005
2018-12-19 00:00:00,58.04,54.04,56.223873,-1,4.0,707.3600000000005
2018-12-19 01:00:00,54.04,51.32,53.04991,-1,2.719999999999999,710.0800000000005
2018-12-19 02:00:00,51.32,50.28,51.962963,1,-1.0399999999999991,709.0400000000005
2018-12-19 03:00:00,50.28,49.25,51.688236,1,-1.0300000000000011,708.0100000000006
2018-12-19 04:00:00,49.25,51.64,51.323338,1,2.3900000000000006,710.4000000000005
2018-12-19 05:00:00,51.64,55.95,60.671036,1,4.310000000000002,714.7100000000005
2018-12-19 06:00:00,55.95,66.93,65.749374,1,10.980000000000004,725.6900000000005
2018-12-19 07:00:00,66.93,70.7,72.00425,1,3.769999999999996,729.4600000000005
2018-12-19 08:00:00,70.7,72.19,73.750854,1,1.4899999999999949,730.9500000000005
2018-12-19 09:00:00,72.19,71.85,73.71969,1,-0.3400000000000034,730.6100000000005
2018-12-19 10:00:00,71.85,71.66,71.77041,-1,0.18999999999999773,730.8000000000004
2018-12-19 11:00:00,71.66,71.56,71.490425,-1,0.09999999999999432,730.9000000000004
2018-12-19 12:00:00,71.56,69.99,71.19594,-1,1.5700000000000074,732.4700000000005
2018-12-19 13:00:00,69.99,69.51,69.58185,-1,0.47999999999998977,732.9500000000005
2018-12-19 14:00:00,69.51,69.97,70.02789,1,0.45999999999999375,733.4100000000005
2018-12-19 15:00:00,69.97,70.01,71.679955,1,0.04000000000000625,733.4500000000005
2018-12-19 16:00:00,70.01,72.32,72.51872,1,2.309999999999988,735.7600000000004
2018-12-19 17:00:00,72.32,78.99,75.54476,1,6.670000000000002,742.4300000000004
2018-12-19 18:00:00,78.99,78.44,78.460556,-1,0.5499999999999972,742.9800000000004
2018-12-19 19:00:00,78.44,76.31,75.46403,-1,2.1299999999999955,745.1100000000004
2018-12-19 20:00:00,76.31,71.04,72.30981,-1,5.269999999999996,750.3800000000003
2018-12-19 21:00:00,71.04,68.26,68.935005,-1,2.780000000000001,753.1600000000003
2018-12-19 22:00:00,68.26,65.03,66.24385,-1,3.230000000000004,756.3900000000003
2018-12-19 23:00:00,65.03,66.69,65.40303,1,1.6599999999999966,758.0500000000003
2018-12-20 00:00:00,66.69,60.65,65.9169,-1,6.039999999999999,764.0900000000003
2018-12-20 01:00:00,60.65,57.29,58.984886,-1,3.3599999999999994,767.4500000000003
2018-12-20 02:00:00,57.29,57.0,56.739326,-1,0.28999999999999915,767.7400000000002
2018-12-20 03:00:00,57.0,56.74,57.65295,1,-0.259999999999998,767.4800000000002
2018-12-20 04:00:00,56.74,57.79,58.22811,1,1.0499999999999972,768.5300000000002
2018-12-20 05:00:00,57.79,64.07,62.573456,1,6.279999999999994,774.8100000000002
2018-12-20 06:00:00,64.07,69.11,70.32237,1,5.040000000000006,779.8500000000001
2018-12-20 07:00:00,69.11,73.56,73.15387,1,4.450000000000003,784.3000000000002
2018-12-20 08:00:00,73.56,73.69,75.30561,1,0.12999999999999545,784.4300000000002
2018-12-20 09:00:00,73.69,73.59,74.43965,1,-0.09999999999999432,784.3300000000002
2018-12-20 10:00:00,73.59,73.08,73.91126,1,-0.5100000000000051,783.8200000000002
2018-12-20 11:00:00,73.08,71.89,73.21564,1,-1.1899999999999977,782.6300000000001
2018-12-20 12:00:00,71.89,70.69,71.28929,-1,1.2000000000000028,783.8300000000002
2018-12-20 13:00:00,70.69,70.13,70.51655,-1,0.5600000000000023,784.3900000000001
2018-12-20 14:00:00,70.13,70.16,70.287224,1,0.030000000000001137,784.4200000000001
2018-12-20 15:00:00,70.16,70.23,71.327644,1,0.07000000000000739,784.4900000000001
2018-12-20 16:00:00,70.23,73.35,72.13706,1,3.1199999999999903,787.6100000000001
2018-12-20 17:00:00,73.35,76.17,76.78974,1,2.8200000000000074,790.4300000000002
2018-12-20 18:00:00,76.17,75.18,77.07235,1,-0.9899999999999949,789.4400000000002
2018-12-20 19:00:00,75.18,75.29,74.47369,-1,-0.10999999999999943,789.3300000000002
2018-12-20 20:00:00,75.29,73.63,73.97619,-1,1.6600000000000108,790.9900000000001
2018-12-20 21:00:00,73.63,70.33,71.72494,-1,3.299999999999997,794.2900000000001
2018-12-20 22:00:00,70.33,68.55,68.84868,-1,1.7800000000000011,796.07
2018-12-20 23:00:00,68.55,64.24,66.89518,-1,4.310000000000002,800.3800000000001
2018-12-21 00:00:00,64.24,58.44,61.682808,-1,5.799999999999997,806.1800000000001
2018-12-21 01:00:00,58.44,56.47,57.7468,-1,1.9699999999999989,808.1500000000001
2018-12-21 02:00:00,56.47,54.91,56.061707,-1,1.5600000000000023,809.71
2018-12-21 03:00:00,54.91,54.68,55.18318,1,-0.22999999999999687,809.48
2018-12-21 04:00:00,54.68,55.13,56.24371,1,0.45000000000000284,809.9300000000001
2018-12-21 05:00:00,55.13,59.24,60.337276,1,4.109999999999999,814.0400000000001
2018-12-21 06:00:00,59.24,67.29,66.521355,1,8.050000000000004,822.09
2018-12-21 07:00:00,67.29,70.02,71.583855,1,2.7299999999999898,824.82
2018-12-21 08:00:00,70.02,69.74,72.67267,1,-0.28000000000000114,824.5400000000001
2018-12-21 09:00:00,69.74,70.77,70.80601,1,1.0300000000000011,825.57
2018-12-21 10:00:00,70.77,70.63,71.52736,1,-0.14000000000000057,825.4300000000001
2018-12-21 11:00:00,70.63,69.72,70.25506,-1,0.9099999999999966,826.34
2018-12-21 12:00:00,69.72,68.74,69.42153,-1,0.980000000000004,827.32
2018-12-21 13:00:00,68.74,66.36,67.69408,-1,2.3799999999999955,829.7
2018-12-21 14:00:00,66.36,66.4,66.22426,-1,-0.04000000000000625,829.6600000000001
2018-12-21 15:00:00,66.4,66.57,67.08597,1,0.1699999999999875,829.83
2018-12-21 16:00:00,66.57,70.01,70.095146,1,3.440000000000012,833.2700000000001
2018-12-21 17:00:00,70.01,72.91,74.20199,1,2.8999999999999915,836.1700000000001
2018-12-21 18:00:00,72.91,73.33,73.54248,1,0.4200000000000017,836.59
2018-12-21 19:00:00,73.33,73.75,73.60654,1,0.4200000000000017,837.01
2018-12-21 20:00:00,73.75,71.38,72.84756,-1,2.3700000000000045,839.38
2018-12-21 21:00:00,71.38,69.31,69.66705,-1,2.069999999999993,841.45
2018-12-21 22:00:00,69.31,68.18,67.99588,-1,1.1299999999999955,842.58
2018-12-21 23:00:00,68.18,67.3,67.90448,-1,0.8800000000000097,843.46
2018-12-22 00:00:00,67.3,62.44,65.23497,-1,4.859999999999999,848.32
2018-12-22 01:00:00,62.44,59.4,60.737507,-1,3.039999999999999,851.36
2018-12-22 02:00:00,59.4,59.24,59.2784,-1,0.1599999999999966,851.52
2018-12-22 03:00:00,59.24,59.06,60.41569,1,-0.17999999999999972,851.34
2018-12-22 04:00:00,59.06,59.11,60.303234,1,0.04999999999999716,851.39
2018-12-22 05:00:00,59.11,59.82,61.26054,1,0.7100000000000009,852.1
2018-12-22 06:00:00,59.82,63.31,63.881752,1,3.490000000000002,855.59
2018-12-22 07:00:00,63.31,62.98,66.81884,1,-0.3300000000000054,855.26
2018-12-22 08:00:00,62.98,67.45,66.55985,1,4.470000000000006,859.73
2018-12-22 09:00:00,67.45,68.7,71.20465,1,1.25,860.98
2018-12-22 10:00:00,68.7,68.59,71.10407,1,-0.10999999999999943,860.87
2018-12-22 11:00:00,68.59,68.88,69.73864,1,0.28999999999999204,861.16
2018-12-22 12:00:00,68.88,69.05,70.27925,1,0.1700000000000017,861.3299999999999
2018-12-22 13:00:00,69.05,69.08,69.364334,1,0.030000000000001137,861.3599999999999
2018-12-22 14:00:00,69.08,69.11,69.24322,1,0.030000000000001137,861.3899999999999
2018-12-22 15:00:00,69.11,68.95,69.49404,1,-0.1599999999999966,861.2299999999999
2018-12-22 16:00:00,68.95,70.76,70.55949,1,1.8100000000000023,863.04
2018-12-22 17:00:00,70.76,73.16,74.36952,1,2.3999999999999915,865.4399999999999
2018-12-22 18:00:00,73.16,72.99,74.85496,1,-0.1700000000000017,865.27
2018-12-22 19:00:00,72.99,72.92,73.511955,1,-0.06999999999999318,865.2
2018-12-22 20:00:00,72.92,72.87,72.70355,-1,0.04999999999999716,865.25
2018-12-22 21:00:00,72.87,71.09,72.39127,-1,1.7800000000000011,867.03
2018-12-22 22:00:00,71.09,70.74,70.004,-1,0.3500000000000085,867.38
2018-12-22 23:00:00,70.74,70.56,70.67533,-1,0.1799999999999926,867.56
2018-12-23 00:00:00,70.56,67.95,68.9625,-1,2.6099999999999994,870.17
2018-12-23 01:00:00,67.95,63.24,65.17049,-1,4.710000000000001,874.88
2018-12-23 02:00:00,63.24,60.56,61.17913,-1,2.6799999999999997,877.56
2018-12-23 03:00:00,60.56,60.4,59.57134,-1,0.1600000000000037,877.7199999999999
2018-12-23 04:00:00,60.4,59.77,61.002678,1,-0.6299999999999955,877.0899999999999
2018-12-23 05:00:00,59.77,60.61,60.6488,1,0.8399999999999963,877.93
2018-12-23 06:00:00,60.61,62.84,63.724422,1,2.230000000000004,880.16
2018-12-23 07:00:00,62.84,63.6,65.482956,1,0.759999999999998,880.92
2018-12-23 08:00:00,63.6,68.11,65.89699,1,4.509999999999998,885.43
2018-12-23 09:00:00,68.11,68.93,69.98286,1,0.8200000000000074,886.25
2018-12-23 10:00:00,68.93,68.89,70.200836,1,-0.04000000000000625,886.21
2018-12-23 11:00:00,68.89,69.63,68.93518,1,0.7399999999999949,886.95
2018-12-23 12:00:00,69.63,70.41,70.95333,1,0.7800000000000011,887.73
2018-12-23 13:00:00,70.41,70.64,71.23344,1,0.23000000000000398,887.96
2018-12-23 14:00:00,70.64,69.49,70.5724,-1,1.1500000000000057,889.11
2018-12-23 15:00:00,69.49,69.1,69.233376,-1,0.39000000000000057,889.5
2018-12-23 16:00:00,69.1,70.05,69.797844,1,0.9500000000000028,890.45
2018-12-23 17:00:00,70.05,73.18,73.60343,1,3.1300000000000097,893.58
2018-12-23 18:00:00,73.18,73.06,74.3876,1,-0.12000000000000455,893.46
2018-12-23 19:00:00,73.06,73.32,73.4648,1,0.2599999999999909,893.72
2018-12-23 20:00:00,73.32,74.07,74.00816,1,0.75,894.47
2018-12-23 21:00:00,74.07,71.43,74.41813,1,-2.6399999999999864,891.83
2018-12-23 22:00:00,71.43,69.51,69.8917,-1,1.9200000000000017,893.75
2018-12-23 23:00:00,69.51,71.23,68.85963,-1,-1.7199999999999989,892.03
2018-12-24 00:00:00,71.23,68.66,70.37306,-1,2.5700000000000074,894.6
2018-12-24 01:00:00,68.66,64.95,66.26148,-1,3.7099999999999937,898.3100000000001
2018-12-24 02:00:00,64.95,60.82,62.877094,-1,4.130000000000003,902.44
2018-12-24 03:00:00,60.82,60.59,60.26412,-1,0.22999999999999687,902.6700000000001
2018-12-24 04:00:00,60.59,59.86,61.274734,1,-0.730000000000004,901.94
2018-12-24 05:00:00,59.86,64.46,63.126118,1,4.599999999999994,906.5400000000001
2018-12-24 06:00:00,64.46,65.93,69.27575,1,1.470000000000013,908.0100000000001
2018-12-24 07:00:00,65.93,71.85,70.9706,1,5.9199999999999875,913.9300000000001
2018-12-24 08:00:00,71.85,72.6,74.302986,1,0.75,914.6800000000001
2018-12-24 09:00:00,72.6,73.42,74.462944,1,0.8200000000000074,915.5000000000001
2018-12-24 10:00:00,73.42,73.45,74.50269,1,0.030000000000001137,915.5300000000001
2018-12-24 11:00:00,73.45,73.38,73.64384,1,-0.07000000000000739,915.46
2018-12-24 12:00:00,73.38,72.3,73.571815,1,-1.0799999999999983,914.38
2018-12-24 13:00:00,72.3,71.16,71.83733,-1,1.1400000000000006,915.52
2018-12-24 14:00:00,71.16,69.63,71.24839,1,-1.5300000000000011,913.99
2018-12-24 15:00:00,69.63,69.06,70.65796,1,-0.5699999999999932,913.4200000000001
2018-12-24 16:00:00,69.06,74.26,71.26102,1,5.200000000000003,918.6200000000001
2018-12-24 17:00:00,74.26,76.47,77.4888,1,2.2099999999999937,920.8300000000002
2018-12-24 18:00:00,76.47,75.3,77.22874,1,-1.1700000000000017,919.6600000000002
2018-12-24 19:00:00,75.3,74.95,75.04007,-1,0.3499999999999943,920.0100000000002
2018-12-24 20:00:00,74.95,73.16,74.13372,-1,1.7900000000000063,921.8000000000002
2018-12-24 21:00:00,73.16,70.39,71.74974,-1,2.769999999999996,924.5700000000002
2018-12-24 22:00:00,70.39,70.2,69.50146,-1,0.18999999999999773,924.7600000000002
2018-12-24 23:00:00,70.2,71.98,71.02557,1,1.7800000000000011,926.5400000000002
2018-12-25 00:00:00,71.98,70.24,72.47615,1,-1.740000000000009,924.8000000000002
2018-12-25 01:00:00,70.24,66.35,67.4075,-1,3.8900000000000006,928.6900000000002
2018-12-25 02:00:00,66.35,62.1,63.141846,-1,4.249999999999993,932.9400000000002
2018-12-25 03:00:00,62.1,61.22,60.87286,-1,0.8800000000000026,933.8200000000002
2018-12-25 04:00:00,61.22,61.65,61.47267,1,0.4299999999999997,934.2500000000001
2018-12-25 05:00:00,61.65,61.28,64.64866,1,-0.36999999999999744,933.8800000000001
2018-12-25 06:00:00,61.28,61.67,65.08184,1,0.39000000000000057,934.2700000000001
2018-12-25 07:00:00,61.67,62.55,67.05258,1,0.8799999999999955,935.1500000000001
2018-12-25 08:00:00,62.55,66.8,68.09339,1,4.25,939.4000000000001
2018-12-25 09:00:00,66.8,69.04,72.280235,1,2.240000000000009,941.6400000000001
2018-12-25 10:00:00,69.04,71.02,72.528915,1,1.9799999999999898,943.6200000000001
2018-12-25 11:00:00,71.02,71.62,73.54476,1,0.6000000000000085,944.2200000000001
2018-12-25 12:00:00,71.62,72.41,72.824,1,0.789999999999992,945.0100000000001
2018-12-25 13:00:00,72.41,71.73,73.63239,1,-0.6799999999999926,944.3300000000002
2018-12-25 14:00:00,71.73,68.79,71.30055,-1,2.9399999999999977,947.2700000000002
2018-12-25 15:00:00,68.79,68.53,69.78978,1,-0.2600000000000051,947.0100000000002
2018-12-25 16:00:00,68.53,69.18,71.01742,1,0.6500000000000057,947.6600000000002
2018-12-25 17:00:00,69.18,71.73,74.4932,1,2.549999999999997,950.2100000000002
2018-12-25 18:00:00,71.73,71.94,74.349945,1,0.20999999999999375,950.4200000000002
2018-12-25 19:00:00,71.94,73.05,73.66027,1,1.1099999999999994,951.5300000000002
2018-12-25 20:00:00,73.05,73.94,74.821236,1,0.8900000000000006,952.4200000000002
2018-12-25 21:00:00,73.94,71.98,73.9361,-1,1.9599999999999937,954.3800000000002
2018-12-25 22:00:00,71.98,69.12,70.44039,-1,2.8599999999999994,957.2400000000002
2018-12-25 23:00:00,69.12,65.64,67.1409,-1,3.480000000000004,960.7200000000003
2018-12-26 00:00:00,65.64,59.61,63.319473,-1,6.030000000000001,966.7500000000002
2018-12-26 01:00:00,59.61,56.2,58.881733,-1,3.4099999999999966,970.1600000000002
2018-12-26 02:00:00,56.2,54.74,56.257236,1,-1.4600000000000009,968.7000000000002
2018-12-26 03:00:00,54.74,54.58,56.32375,1,-0.1600000000000037,968.5400000000002
2018-12-26 04:00:00,54.58,56.09,57.656372,1,1.5100000000000051,970.0500000000002
2018-12-26 05:00:00,56.09,59.52,61.60311,1,3.4299999999999997,973.4800000000001
2018-12-26 06:00:00,59.52,64.66,66.145546,1,5.1399999999999935,978.6200000000001
2018-12-26 07:00:00,64.66,69.88,70.765396,1,5.219999999999999,983.8400000000001
2018-12-26 08:00:00,69.88,72.01,72.80992,1,2.1300000000000097,985.9700000000001
2018-12-26 09:00:00,72.01,73.11,73.535805,1,1.0999999999999943,987.0700000000002
2018-12-26 10:00:00,73.11,73.08,73.6006,1,-0.030000000000001137,987.0400000000002
2018-12-26 11:00:00,73.08,73.36,72.899025,-1,-0.28000000000000114,986.7600000000002
2018-12-26 12:00:00,73.36,72.47,73.28016,-1,0.8900000000000006,987.6500000000002
2018-12-26 13:00:00,72.47,72.44,71.6923,-1,0.030000000000001137,987.6800000000002
2018-12-26 14:00:00,72.44,71.92,72.3986,-1,0.519999999999996,988.2000000000002
2018-12-26 15:00:00,71.92,72.24,71.524765,-1,-0.3199999999999932,987.8800000000001
2018-12-26 16:00:00,72.24,74.15,73.60307,1,1.9100000000000108,989.7900000000001
2018-12-26 17:00:00,74.15,78.5,77.09439,1,4.349999999999994,994.1400000000001
2018-12-26 18:00:00,78.5,78.09,77.92294,-1,0.4099999999999966,994.5500000000001
2018-12-26 19:00:00,78.09,77.62,76.09159,-1,0.46999999999999886,995.0200000000001
2018-12-26 20:00:00,77.62,75.29,75.5381,-1,2.3299999999999983,997.3500000000001
2018-12-26 21:00:00,75.29,72.95,74.133316,-1,2.3400000000000034,999.6900000000002
2018-12-26 22:00:00,72.95,72.18,71.49505,-1,0.769999999999996,1000.4600000000002
2018-12-26 23:00:00,72.18,72.61,71.46493,-1,-0.4299999999999926,1000.0300000000002
2018-12-27 00:00:00,72.61,70.82,71.838936,-1,1.7900000000000063,1001.8200000000002
2018-12-27 01:00:00,70.82,67.18,68.742035,-1,3.6399999999999864,1005.4600000000002
2018-12-27 02:00:00,67.18,64.09,65.787476,-1,3.0900000000000034,1008.5500000000002
2018-12-27 03:00:00,64.09,63.2,64.28172,1,-0.8900000000000006,1007.6600000000002
2018-12-27 04:00:00,63.2,65.87,64.547844,1,2.6700000000000017,1010.3300000000002
2018-12-27 05:00:00,65.87,69.31,69.13601,1,3.4399999999999977,1013.7700000000002
2018-12-27 06:00:00,69.31,71.02,72.95073,1,1.7099999999999937,1015.4800000000002
2018-12-27 07:00:00,71.02,73.2,74.119804,1,2.180000000000007,1017.6600000000003
2018-12-27 08:00:00,73.2,73.91,75.30299,1,0.7099999999999937,1018.3700000000003
2018-12-27 09:00:00,73.91,74.98,75.38022,1,1.0700000000000074,1019.4400000000004
2018-12-27 10:00:00,74.98,74.85,75.80132,1,-0.13000000000000966,1019.3100000000004
2018-12-27 11:00:00,74.85,74.64,74.61815,-1,0.20999999999999375,1019.5200000000004
2018-12-27 12:00:00,74.64,73.28,74.6924,1,-1.3599999999999994,1018.1600000000004
2018-12-27 13:00:00,73.28,73.29,73.43985,1,0.010000000000005116,1018.1700000000004
2018-12-27 14:00:00,73.29,73.3,73.85534,1,0.009999999999990905,1018.1800000000004
2018-12-27 15:00:00,73.3,74.6,74.589005,1,1.2999999999999972,1019.4800000000004
2018-12-27 16:00:00,74.6,77.94,76.84528,1,3.3400000000000034,1022.8200000000004
2018-12-27 17:00:00,77.94,81.12,79.81603,1,3.180000000000007,1026.0000000000005
2018-12-27 18:00:00,81.12,80.1,80.06603,-1,1.0200000000000102,1027.0200000000004
2018-12-27 19:00:00,80.1,78.99,77.11117,-1,1.1099999999999994,1028.1300000000003
2018-12-27 20:00:00,78.99,77.65,75.8343,-1,1.3399999999999892,1029.4700000000003
2018-12-27 21:00:00,77.65,73.28,74.84242,-1,4.3700000000000045,1033.8400000000001
2018-12-27 22:00:00,73.28,73.48,72.544235,-1,-0.20000000000000284,1033.64
2018-12-27 23:00:00,73.48,70.93,73.4557,-1,2.549999999999997,1036.19
2018-12-28 00:00:00,70.93,68.61,69.722946,-1,2.3200000000000074,1038.51
2018-12-28 01:00:00,68.61,64.19,66.93638,-1,4.420000000000002,1042.93
2018-12-28 02:00:00,64.19,62.53,64.07631,-1,1.6599999999999966,1044.5900000000001
2018-12-28 03:00:00,62.53,59.78,62.136147,-1,2.75,1047.3400000000001
2018-12-28 04:00:00,59.78,59.82,61.48164,1,0.03999999999999915,1047.38
2018-12-28 05:00:00,59.82,64.27,64.23036,1,4.449999999999996,1051.8300000000002
2018-12-28 06:00:00,64.27,66.81,69.43032,1,2.5400000000000063,1054.3700000000001
2018-12-28 07:00:00,66.81,71.38,71.87111,1,4.569999999999993,1058.94
2018-12-28 08:00:00,71.38,72.98,74.172874,1,1.6000000000000085,1060.54
2018-12-28 09:00:00,72.98,74.33,74.97343,1,1.3499999999999943,1061.8899999999999
2018-12-28 10:00:00,74.33,72.85,74.81703,1,-1.480000000000004,1060.4099999999999
2018-12-28 11:00:00,72.85,72.78,72.79253,-1,0.06999999999999318,1060.4799999999998
2018-12-28 12:00:00,72.78,70.44,72.82223,1,-2.3400000000000034,1058.1399999999999
2018-12-28 13:00:00,70.44,70.67,70.00735,-1,-0.23000000000000398,1057.9099999999999
2018-12-28 14:00:00,70.67,68.98,71.08363,1,-1.6899999999999977,1056.2199999999998
2018-12-28 15:00:00,68.98,71.57,70.82986,1,2.589999999999989,1058.8099999999997
2018-12-28 16:00:00,71.57,74.27,75.17183,1,2.700000000000003,1061.5099999999998
2018-12-28 17:00:00,74.27,78.26,77.414856,1,3.990000000000009,1065.4999999999998
2018-12-28 18:00:00,78.26,77.1,78.501625,1,-1.1600000000000108,1064.3399999999997
2018-12-28 19:00:00,77.1,73.6,74.93352,-1,3.5,1067.8399999999997
2018-12-28 20:00:00,73.6,69.21,71.492485,-1,4.390000000000001,1072.2299999999998
2018-12-28 21:00:00,69.21,67.53,68.15734,-1,1.6799999999999926,1073.9099999999999
2018-12-28 22:00:00,67.53,64.08,67.19809,-1,3.450000000000003,1077.36
2018-12-28 23:00:00,64.08,65.49,65.79165,1,1.4099999999999966,1078.77
2018-12-29 00:00:00,65.49,60.22,66.16952,1,-5.269999999999996,1073.5
2018-12-29 01:00:00,60.22,55.76,59.301823,-1,4.460000000000001,1077.96
2018-12-29 02:00:00,55.76,54.93,55.659798,-1,0.8299999999999983,1078.79
2018-12-29 03:00:00,54.93,54.17,56.30081,1,-0.759999999999998,1078.03
2018-12-29 04:00:00,54.17,54.15,55.8201,1,-0.020000000000003126,1078.01
2018-12-29 05:00:00,54.15,54.39,56.968964,1,0.240000000000002,1078.25
2018-12-29 06:00:00,54.39,55.5,59.535133,1,1.1099999999999994,1079.36
2018-12-29 07:00:00,55.5,58.78,61.962234,1,3.280000000000001,1082.6399999999999
2018-12-29 08:00:00,58.78,65.46,66.17373,1,6.679999999999993,1089.32
2018-12-29 09:00:00,65.46,66.87,69.81155,1,1.4100000000000108,1090.73
2018-12-29 10:00:00,66.87,65.13,69.10559,1,-1.740000000000009,1088.99
2018-12-29 11:00:00,65.13,64.47,65.977554,1,-0.6599999999999966,1088.33
2018-12-29 12:00:00,64.47,63.24,65.31295,1,-1.2299999999999969,1087.1
2018-12-29 13:00:00,63.24,60.89,63.24431,1,-2.3500000000000014,1084.75
2018-12-29 14:00:00,60.89,58.75,61.462727,1,-2.1400000000000006,1082.61
2018-12-29 15:00:00,58.75,59.16,62.71438,1,0.4099999999999966,1083.02
2018-12-29 16:00:00,59.16,64.19,66.412346,1,5.030000000000001,1088.05
2018-12-29 17:00:00,64.19,70.49,71.82974,1,6.299999999999997,1094.35
2018-12-29 18:00:00,70.49,71.01,73.734314,1,0.5200000000000102,1094.87
2018-12-29 19:00:00,71.01,70.72,72.62975,1,-0.29000000000000625,1094.58
2018-12-29 20:00:00,70.72,70.34,70.73128,1,-0.37999999999999545,1094.1999999999998
2018-12-29 21:00:00,70.34,68.65,69.227875,-1,1.6899999999999977,1095.8899999999999
2018-12-29 22:00:00,68.65,68.31,68.18294,-1,0.3400000000000034,1096.2299999999998
2018-12-29 23:00:00,68.31,67.38,68.38702,1,-0.9300000000000068,1095.2999999999997
2018-12-30 00:00:00,67.38,57.69,62.63065,-1,9.689999999999998,1104.9899999999998
2018-12-30 01:00:00,57.69,56.27,56.950443,-1,1.4199999999999946,1106.4099999999999
2018-12-30 02:00:00,56.27,55.4,56.142197,-1,0.8700000000000045,1107.2799999999997
2018-12-30 03:00:00,55.4,55.15,56.121304,1,-0.25,1107.0299999999997
2018-12-30 04:00:00,55.15,55.13,56.263298,1,-0.01999999999999602,1107.0099999999998
2018-12-30 05:00:00,55.13,55.34,56.855316,1,0.21000000000000085,1107.2199999999998
2018-12-30 06:00:00,55.34,56.35,58.512596,1,1.009999999999998,1108.2299999999998
2018-12-30 07:00:00,56.35,57.7,60.430676,1,1.3500000000000014,1109.5799999999997
2018-12-30 08:00:00,57.7,61.77,64.3829,1,4.07,1113.6499999999996
2018-12-30 09:00:00,61.77,65.5,67.336105,1,3.729999999999997,1117.3799999999997
2018-12-30 10:00:00,65.5,65.67,67.76783,1,0.1700000000000017,1117.5499999999997
2018-12-30 11:00:00,65.67,67.09,66.853676,1,1.4200000000000017,1118.9699999999998
2018-12-30 12:00:00,67.09,69.4,69.58307,1,2.3100000000000023,1121.2799999999997
2018-12-30 13:00:00,69.4,69.9,71.03786,1,0.5,1121.7799999999997
2018-12-30 14:00:00,69.9,66.97,69.50132,-1,2.930000000000007,1124.7099999999998
2018-12-30 15:00:00,66.97,65.48,66.8634,-1,1.4899999999999949,1126.1999999999998
2018-12-30 16:00:00,65.48,68.2,67.88969,1,2.719999999999999,1128.9199999999998
2018-12-30 17:00:00,68.2,71.43,73.484024,1,3.230000000000004,1132.1499999999999
2018-12-30 18:00:00,71.43,72.37,73.67876,1,0.9399999999999977,1133.09
2018-12-30 19:00:00,72.37,73.35,73.65398,1,0.9799999999999898,1134.07
2018-12-30 20:00:00,73.35,73.64,74.151115,1,0.29000000000000625,1134.36
2018-12-30 21:00:00,73.64,71.92,73.407555,-1,1.7199999999999989,1136.08
2018-12-30 22:00:00,71.92,69.49,70.17103,-1,2.430000000000007,1138.51
2018-12-30 23:00:00,69.49,68.4,68.8004,-1,1.0899999999999892,1139.6
2018-12-31 00:00:00,68.4,60.32,64.63248,-1,8.080000000000005,1147.6799999999998
2018-12-31 01:00:00,60.32,57.73,59.694927,-1,2.5900000000000034,1150.2699999999998
2018-12-31 02:00:00,57.73,57.66,57.632145,-1,0.07000000000000028,1150.3399999999997
2018-12-31 03:00:00,57.66,57.04,58.75732,1,-0.6199999999999974,1149.7199999999998
2018-12-31 04:00:00,57.04,57.48,57.46578,1,0.4399999999999977,1150.1599999999999
2018-12-31 05:00:00,57.48,61.13,62.687843,1,3.6500000000000057,1153.81
2018-12-31 06:00:00,61.13,60.7,66.10867,1,-0.4299999999999997,1153.3799999999999
2018-12-31 07:00:00,60.7,66.64,64.13826,1,5.939999999999998,1159.32
2018-12-31 08:00:00,66.64,70.33,71.68867,1,3.6899999999999977,1163.01
2018-12-31 09:00:00,70.33,72.12,72.83076,1,1.7900000000000063,1164.8
2018-12-31 10:00:00,72.12,71.81,73.28136,1,-0.3100000000000023,1164.49
2018-12-31 11:00:00,71.81,72.42,71.50021,-1,-0.6099999999999994,1163.88
2018-12-31 12:00:00,72.42,71.8,73.1369,1,-0.6200000000000045,1163.2600000000002
2018-12-31 13:00:00,71.8,71.95,71.01333,-1,-0.15000000000000568,1163.1100000000001
2018-12-31 14:00:00,71.95,70.85,71.88553,-1,1.1000000000000085,1164.21
2018-12-31 15:00:00,70.85,71.36,70.62582,-1,-0.5100000000000051,1163.7
2018-12-31 16:00:00,71.36,75.13,73.67104,1,3.769999999999996,1167.47
2018-12-31 17:00:00,75.13,77.61,76.60983,1,2.480000000000004,1169.95
2018-12-31 18:00:00,77.61,77.02,77.13919,-1,0.5900000000000034,1170.54
2018-12-31 19:00:00,77.02,76.16,75.49013,-1,0.8599999999999994,1171.3999999999999
2018-12-31 20:00:00,76.16,74.3,73.98938,-1,1.8599999999999994,1173.2599999999998
2018-12-31 21:00:00,74.3,69.89,71.68799,-1,4.409999999999997,1177.6699999999998
2018-12-31 22:00:00,69.89,69.88,69.27174,-1,0.010000000000005116,1177.6799999999998
